-- phpMyAdmin SQL Dump
-- version 5.2.1
-- https://www.phpmyadmin.net/
--
-- Host: 127.0.0.1
-- Waktu pembuatan: 01 Jan 2025 pada 16.28
-- Versi server: 10.4.32-MariaDB
-- Versi PHP: 8.0.30

SET SQL_MODE = "NO_AUTO_VALUE_ON_ZERO";
START TRANSACTION;
SET time_zone = "+00:00";


/*!40101 SET @OLD_CHARACTER_SET_CLIENT=@@CHARACTER_SET_CLIENT */;
/*!40101 SET @OLD_CHARACTER_SET_RESULTS=@@CHARACTER_SET_RESULTS */;
/*!40101 SET @OLD_COLLATION_CONNECTION=@@COLLATION_CONNECTION */;
/*!40101 SET NAMES utf8mb4 */;

--
-- Database: `sipentas`
--

-- --------------------------------------------------------

--
-- Struktur dari tabel `banners`
--

CREATE TABLE `banners` (
  `id` bigint(20) UNSIGNED NOT NULL,
  `image` varchar(255) NOT NULL,
  `created_at` timestamp NULL DEFAULT NULL,
  `updated_at` timestamp NULL DEFAULT NULL
) ENGINE=InnoDB DEFAULT CHARSET=utf8mb4 COLLATE=utf8mb4_unicode_ci;

-- --------------------------------------------------------

--
-- Struktur dari tabel `ekspedisis`
--

CREATE TABLE `ekspedisis` (
  `id` char(36) NOT NULL,
  `title` varchar(255) NOT NULL,
  `type` varchar(255) NOT NULL,
  `created_at` timestamp NULL DEFAULT NULL,
  `updated_at` timestamp NULL DEFAULT NULL
) ENGINE=InnoDB DEFAULT CHARSET=utf8mb4 COLLATE=utf8mb4_unicode_ci;

--
-- Dumping data untuk tabel `ekspedisis`
--

INSERT INTO `ekspedisis` (`id`, `title`, `type`, `created_at`, `updated_at`) VALUES
('154ccc0d-4cea-4e39-a419-32a660eb45e8', 'JNE', 'jne', '2023-08-31 15:46:50', '2023-08-31 15:46:50');

-- --------------------------------------------------------

--
-- Struktur dari tabel `failed_jobs`
--

CREATE TABLE `failed_jobs` (
  `id` bigint(20) UNSIGNED NOT NULL,
  `uuid` varchar(255) NOT NULL,
  `connection` text NOT NULL,
  `queue` text NOT NULL,
  `payload` longtext NOT NULL,
  `exception` longtext NOT NULL,
  `failed_at` timestamp NOT NULL DEFAULT current_timestamp()
) ENGINE=InnoDB DEFAULT CHARSET=utf8mb4 COLLATE=utf8mb4_unicode_ci;

-- --------------------------------------------------------

--
-- Struktur dari tabel `galeries`
--

CREATE TABLE `galeries` (
  `id` bigint(20) UNSIGNED NOT NULL,
  `image` varchar(255) NOT NULL,
  `created_at` timestamp NULL DEFAULT NULL,
  `updated_at` timestamp NULL DEFAULT NULL
) ENGINE=InnoDB DEFAULT CHARSET=utf8mb4 COLLATE=utf8mb4_unicode_ci;

--
-- Dumping data untuk tabel `galeries`
--

INSERT INTO `galeries` (`id`, `image`, `created_at`, `updated_at`) VALUES
(2, '1693584411.png', '2023-09-01 16:06:51', '2023-09-01 16:06:51'),
(5, '1693982545.jpg', '2023-09-06 06:42:25', '2023-09-06 06:42:25'),
(8, '1695273884.jpg', '2023-09-21 05:24:44', '2023-09-21 05:24:44'),
(9, '1695273901.jpg', '2023-09-21 05:25:01', '2023-09-21 05:25:01');

-- --------------------------------------------------------

--
-- Struktur dari tabel `history_stocks`
--

CREATE TABLE `history_stocks` (
  `id` char(36) NOT NULL,
  `tani_id` char(36) NOT NULL,
  `product_id` char(36) NOT NULL,
  `stock_awal` varchar(255) NOT NULL,
  `stock_akhir` varchar(255) NOT NULL,
  `created_at` timestamp NULL DEFAULT NULL,
  `updated_at` timestamp NULL DEFAULT NULL
) ENGINE=InnoDB DEFAULT CHARSET=utf8mb4 COLLATE=utf8mb4_unicode_ci;

--
-- Dumping data untuk tabel `history_stocks`
--

INSERT INTO `history_stocks` (`id`, `tani_id`, `product_id`, `stock_awal`, `stock_akhir`, `created_at`, `updated_at`) VALUES
('027141ce-e96f-44bf-a0a6-d75f7ec840c1', 'b44904d8-37c3-471f-97b0-b54f7edbd049', '56552ee3-66aa-4b1a-bb80-464dd4056cea', '10', '10', '2023-08-27 18:18:21', '2023-08-27 18:18:21'),
('0427555d-b362-4af7-bb9c-c07ccc9798ec', 'b44904d8-37c3-471f-97b0-b54f7edbd049', '91e71266-4bc2-4ddb-b2b1-70be6c95621d', '10', '10', '2023-08-27 17:45:14', '2023-08-27 17:45:14'),
('04946195-6e4b-46c6-a205-71bdf9d96d07', 'b44904d8-37c3-471f-97b0-b54f7edbd049', '2b9adeeb-50f8-49f4-a47b-255052ff9bce', '10', '10', '2023-08-27 18:54:49', '2023-08-27 18:54:49'),
('08a19696-ec7c-4724-8427-126a13059cd0', 'b44904d8-37c3-471f-97b0-b54f7edbd049', 'f0ff8493-bb2b-4882-a7ab-dc616e4cdb54', '10', '10', '2023-08-27 18:27:53', '2023-08-27 18:27:53'),
('0b8bb0ae-9123-4eff-9418-e1e9ee1b43a4', 'b44904d8-37c3-471f-97b0-b54f7edbd049', '1bee48bb-c2c8-4cc0-8c1b-2cdf1eb2fe56', '5', '5', '2023-08-27 05:34:03', '2023-08-27 05:34:03'),
('0c4ed138-bf4d-4b11-ae45-11cdbef17d0a', 'b44904d8-37c3-471f-97b0-b54f7edbd049', '48775bb1-6b40-426c-bf38-6b84b74d0e36', '5', '5', '2023-08-26 13:25:55', '2023-08-26 13:25:55'),
('1534f91a-300d-48c5-80e0-006b190099f7', 'a85590c7-1b09-486b-8ca7-fd67f9988578', '58f365b8-8892-4c52-8bac-3ebe84a1b17c', '5', '5', '2023-08-27 05:47:27', '2023-08-27 05:47:27'),
('162657ef-40f3-45c1-bf6e-76975fd75d39', 'b44904d8-37c3-471f-97b0-b54f7edbd049', 'cc53ff49-7662-42c1-8eb6-19c6d284de42', '5', '5', '2023-08-27 05:22:30', '2023-08-27 05:22:30'),
('17459b00-355b-4bd0-8154-e873199191d9', 'b44904d8-37c3-471f-97b0-b54f7edbd049', '53890263-cdad-4c4f-b2e2-dedb1d63daa2', '10', '10', '2023-08-27 18:53:19', '2023-08-27 18:53:19'),
('18a67690-e32e-45ce-be0f-132576a74c0e', 'a85590c7-1b09-486b-8ca7-fd67f9988578', 'e9edefaf-10b7-4a43-9c79-5e1b0125c5e5', '5', '5', '2023-08-27 05:50:14', '2023-08-27 05:50:14'),
('1a7d3106-c8b9-40a5-b2e5-d1c2c8b1fbdd', 'a85590c7-1b09-486b-8ca7-fd67f9988578', '0cd38532-b80e-4899-ac71-ac2bef771df2', '5', '5', '2023-08-27 05:45:35', '2023-08-27 05:45:35'),
('1e863b26-e4f2-4bec-996b-d093de19f0a4', 'b44904d8-37c3-471f-97b0-b54f7edbd049', 'c53aeaf8-ad78-47ed-82a8-6cbf2750a707', '10', '10', '2023-08-27 18:19:42', '2023-08-27 18:19:42'),
('27d06d52-a19f-49ec-997d-0e78fdc11bad', 'a85590c7-1b09-486b-8ca7-fd67f9988578', '840d4955-bda7-46d5-bca4-0926d695dc04', '5', '5', '2023-08-27 05:38:57', '2023-08-27 05:38:57'),
('2c3ed9fe-269e-4261-9bc4-0e02b6d38934', 'b44904d8-37c3-471f-97b0-b54f7edbd049', 'fbb0b803-8f03-41d8-97e3-81e3b2cc2b1e', '5', '5', '2023-08-27 05:32:16', '2023-08-27 05:32:16'),
('2d561496-22f7-4818-9c1a-07f5cf99b52f', 'b44904d8-37c3-471f-97b0-b54f7edbd049', 'ed3a5725-5be3-4680-a1c7-92ecc20b5b0b', '10', '10', '2023-08-27 18:54:06', '2023-08-27 18:54:06'),
('2d6b2d64-6f72-4926-9109-18a554ad34ea', 'b44904d8-37c3-471f-97b0-b54f7edbd049', '59559bbb-ca0e-4a7a-aa4c-bbf22769a75f', '5', '5', '2023-08-27 05:27:02', '2023-08-27 05:27:02'),
('2e63a7ae-2a8d-42b7-8230-b213d254a1cc', 'a85590c7-1b09-486b-8ca7-fd67f9988578', '7f6ae6a1-3859-47c4-b2fc-5071e7bf3cd3', '5', '5', '2023-08-22 06:13:06', '2023-08-22 06:13:06'),
('3957e373-23f2-4715-ae76-da8775dc1530', 'b44904d8-37c3-471f-97b0-b54f7edbd049', '69b5afc3-2881-4188-bca7-53d17913c598', '5', '5', '2023-08-27 05:29:46', '2023-08-27 05:29:46'),
('3b904081-248b-42c6-b97d-34c2efd251d6', 'b44904d8-37c3-471f-97b0-b54f7edbd049', '8b3e783a-b9bc-47bf-9f35-c4a213095524', '5', '5', '2023-08-27 05:28:41', '2023-08-27 05:28:41'),
('3ed7488e-0e29-4068-951e-c5310ab94d82', 'b44904d8-37c3-471f-97b0-b54f7edbd049', 'ae4ec3b7-2c4d-4b40-8b18-bcb4f1720b91', '10', '10', '2023-08-27 18:41:16', '2023-08-27 18:41:16'),
('4413ce04-1c8d-43e1-b4ab-efda718358bf', 'a85590c7-1b09-486b-8ca7-fd67f9988578', '454b2097-175f-422b-b7c9-c35fa1eac75b', '5', '5', '2023-08-22 06:09:50', '2023-08-22 06:09:50'),
('4439305b-70a7-4f13-90f9-20f0b9b89439', 'a85590c7-1b09-486b-8ca7-fd67f9988578', 'aa8742b1-1725-4bb1-a620-0a780a67d10b', '5', '5', '2023-08-27 05:55:23', '2023-08-27 05:55:23'),
('4575e5c2-8027-4f48-a274-e330c6f6636d', 'b44904d8-37c3-471f-97b0-b54f7edbd049', '48d485d9-83c5-444d-8645-f1bc91237f92', '5', '5', '2023-08-26 13:13:45', '2023-08-26 13:13:45'),
('4cf37668-7fed-4734-b566-e0312268bd6c', 'b44904d8-37c3-471f-97b0-b54f7edbd049', '469f9e6d-71d3-4d0f-81d9-91118119b275', '5', '5', '2023-08-27 05:23:26', '2023-08-27 05:23:26'),
('5448d659-4325-400f-8af1-c4f1ba7df320', 'a85590c7-1b09-486b-8ca7-fd67f9988578', '660dd52e-a3e7-4145-8439-8bda8cedb570', '5', '5', '2023-08-22 06:13:58', '2023-08-22 06:13:58'),
('55b94823-dd2c-46c8-8033-be6b1d080f73', 'b44904d8-37c3-471f-97b0-b54f7edbd049', 'd4a08d95-22fa-4091-a046-be81a3cd30c7', '5', '5', '2023-08-26 13:11:09', '2023-08-26 13:11:09'),
('5624efce-be86-49ca-b51c-1f3c45e3ba71', 'b44904d8-37c3-471f-97b0-b54f7edbd049', '18097ced-b24d-4349-b328-4b381fcbb275', '5', '5', '2023-08-26 12:28:45', '2023-08-26 12:28:45'),
('62556f44-483a-4e86-8529-dc8baa8f439b', 'a85590c7-1b09-486b-8ca7-fd67f9988578', 'c4d6237d-5bdf-4f0d-81d8-c970d5a2b5b6', '5', '5', '2023-08-22 06:03:00', '2023-08-22 06:03:00'),
('6a0b2fa2-54ee-4422-b615-7f4efc2fc145', 'b44904d8-37c3-471f-97b0-b54f7edbd049', '72b568e5-ca12-47e9-a18e-a6e59ff35ede', '5', '5', '2023-08-27 05:21:33', '2023-08-27 05:21:33'),
('6dd2712e-db80-434f-9057-63fa265349a5', 'b44904d8-37c3-471f-97b0-b54f7edbd049', '12a25a96-5b30-46ed-bcef-6a7975c8416b', '5', '5', '2023-08-27 05:35:02', '2023-08-27 05:35:02'),
('7aafae65-5751-4277-bf2c-ffea4dc091f2', 'a85590c7-1b09-486b-8ca7-fd67f9988578', '5efe587c-0670-4859-ab22-f25fc9d11cbf', '5', '5', '2023-08-27 08:09:42', '2023-08-27 08:09:42'),
('7ac188d5-391b-4114-b7a2-8a987638b43c', 'a85590c7-1b09-486b-8ca7-fd67f9988578', '4583c166-90f1-4d1a-a93b-9cf3ffd01d36', '5', '5', '2023-08-22 05:58:34', '2023-08-22 05:58:34'),
('83c50a51-2164-49c7-bdd1-0a4829f1b9a2', 'b44904d8-37c3-471f-97b0-b54f7edbd049', '5c0842cd-c8b0-4572-a7bb-bb479a10c2a3', '5', '5', '2023-08-27 05:31:27', '2023-08-27 05:31:27'),
('85e0d72e-53f0-490d-8a9e-8023e5c02c0e', 'b44904d8-37c3-471f-97b0-b54f7edbd049', '55651a02-d9ab-4562-ac59-694eadb32b9e', '10', '10', '2023-08-27 18:20:56', '2023-08-27 18:20:56'),
('89aa0cab-8fe2-4b47-88c5-32a33c24c4bd', 'a85590c7-1b09-486b-8ca7-fd67f9988578', '41629bb9-7198-4e23-be75-28de4bf2cbde', '5', '5', '2023-08-27 05:52:45', '2023-08-27 05:52:45'),
('8a65971e-1f10-45ca-81a3-9ed151fee4af', 'a85590c7-1b09-486b-8ca7-fd67f9988578', 'ec97f1fe-efb2-4a74-8a0b-82a58b14e204', '5', '5', '2023-08-27 05:44:33', '2023-08-27 05:44:33'),
('973c9925-eb19-4937-9fac-9d609aa9ef7e', 'b44904d8-37c3-471f-97b0-b54f7edbd049', 'd18bde88-7c17-47d8-8cbc-595e57f3fda6', '5', '5', '2023-08-27 05:30:35', '2023-08-27 05:30:35'),
('a25c0a4f-fda6-4563-a310-1bd9f9870ff9', 'a85590c7-1b09-486b-8ca7-fd67f9988578', 'e3a43b8b-4bd7-498a-a596-35eebd3419a6', '5', '5', '2023-08-22 06:11:06', '2023-08-22 06:11:06'),
('a79dcd31-c304-46af-9ae2-04f3c3d78033', 'a85590c7-1b09-486b-8ca7-fd67f9988578', '5934e302-b8e9-4e8c-ac4a-1b9584e51390', '5', '5', '2023-08-22 06:05:25', '2023-08-22 06:05:25'),
('a84646e0-b7df-4ca4-bc12-1209f6757287', 'a85590c7-1b09-486b-8ca7-fd67f9988578', '7b101e88-53e5-4a93-8372-7c113ae34876', '5', '5', '2023-08-27 08:05:27', '2023-08-27 08:05:27'),
('af8a7bdf-b47b-43d5-91bb-19ed1e80b008', 'b44904d8-37c3-471f-97b0-b54f7edbd049', 'f0c135b4-e67f-4233-b859-a712c6c3f8b9', '5', '5', '2023-08-27 05:27:50', '2023-08-27 05:27:50'),
('b221cf99-7da0-429e-b095-e5a56cbd686b', 'b44904d8-37c3-471f-97b0-b54f7edbd049', '2f4f4761-9812-4057-8602-cf64f8a5de8c', '10', '10', '2023-08-27 18:21:49', '2023-08-27 18:21:49'),
('b3400a70-063d-43a0-9b75-0ba6c17c5f4e', 'b44904d8-37c3-471f-97b0-b54f7edbd049', '3b18004b-4eb8-4e1e-af2e-69bb5df2058e', '10', '10', '2023-08-27 18:19:04', '2023-08-27 18:19:04'),
('b6d2c5f9-f56a-4e53-be5a-cfb6c9305bcd', 'b44904d8-37c3-471f-97b0-b54f7edbd049', 'a4d877fc-31aa-4553-8c63-fdd697c3e921', '5', '5', '2023-08-26 13:39:39', '2023-08-26 13:39:39'),
('b6d4c1a8-e569-4744-853d-8d3d61f7ef80', 'a85590c7-1b09-486b-8ca7-fd67f9988578', 'dde36b02-5c18-4eff-86dc-ee4e47c56845', '5', '5', '2023-08-27 05:53:42', '2023-08-27 05:53:42'),
('ba3f3016-73f3-4005-b2e3-f92b4a7cf91e', 'a85590c7-1b09-486b-8ca7-fd67f9988578', '7a57e7d8-c687-40d9-bf6c-76e156f56d6c', '5', '5', '2023-08-22 05:57:40', '2023-08-22 05:57:40'),
('bdbe9629-5a36-4169-939d-48b492b6d3f2', 'a85590c7-1b09-486b-8ca7-fd67f9988578', 'e56f9724-8615-4fdb-9846-847d29c9ddd8', '5', '5', '2023-08-22 06:06:39', '2023-08-22 06:06:39'),
('bff198f3-2dc0-428f-a9fa-9285ed5b073f', 'b44904d8-37c3-471f-97b0-b54f7edbd049', '1a48c52c-989c-421a-a0d6-5403ca795b6a', '5', '5', '2023-08-26 13:10:02', '2023-08-26 13:10:02'),
('c242afa0-95b6-40c9-92e4-71beaffe0fb2', 'b44904d8-37c3-471f-97b0-b54f7edbd049', '21e87dff-b2c3-40a8-9cb8-5b6989be71a0', '10', '10', '2023-08-27 18:39:01', '2023-08-27 18:39:01'),
('c4ce4637-061f-4858-9da9-1d6397d6d591', 'a85590c7-1b09-486b-8ca7-fd67f9988578', '8a11e898-0bed-4a81-bea4-e0ec992d5505', '5', '5', '2023-08-27 08:03:16', '2023-08-27 08:03:16'),
('c6551533-eb5c-40b2-aa4a-dd9c34c2175d', 'b44904d8-37c3-471f-97b0-b54f7edbd049', '89d04d08-e477-480a-9e8d-f6091969a764', '5', '5', '2023-08-27 05:37:38', '2023-08-27 05:37:38'),
('c6efa541-01a2-4f40-9887-bfa5e579be83', 'b44904d8-37c3-471f-97b0-b54f7edbd049', '5f61bb5e-8dce-4d98-9b49-c31e18a51db8', '10', '10', '2023-08-27 18:49:16', '2023-08-27 18:49:16'),
('c90f6ad8-c4b3-48f0-99be-d35fcbbc47d9', 'b44904d8-37c3-471f-97b0-b54f7edbd049', 'ceaf6633-bb6c-4b90-9b2a-ed21346421e1', '5', '5', '2023-08-26 13:39:02', '2023-08-26 13:39:02'),
('c9627929-9481-435b-be18-bc1bad287bdb', 'a85590c7-1b09-486b-8ca7-fd67f9988578', '66c6f361-d0f4-42b3-bad2-6d3ba32318f7', '5', '5', '2023-08-27 05:41:25', '2023-08-27 05:41:25'),
('c9d94e7a-8f5d-4741-b249-30bd8bd3f56d', 'b44904d8-37c3-471f-97b0-b54f7edbd049', '97d7c9fc-ff59-4289-9bf9-3bc78aa4c2a1', '10', '10', '2023-08-27 18:45:08', '2023-08-27 18:45:08'),
('ca8701c5-498e-45ed-a157-0de2f71159d3', 'b44904d8-37c3-471f-97b0-b54f7edbd049', '2154d435-93b5-4e34-a1b0-c9ea5e142989', '5', '5', '2023-08-26 13:09:01', '2023-08-26 13:09:01'),
('ca9bf9a5-1250-48ed-90f3-ce64d891aa30', 'b44904d8-37c3-471f-97b0-b54f7edbd049', '04fcd5ac-da64-4385-8d0f-f8e5deff404a', '10', '10', '2023-08-27 18:25:18', '2023-08-27 18:25:18'),
('cbf1baba-7ee7-4c41-a848-728c34aeeff2', 'b44904d8-37c3-471f-97b0-b54f7edbd049', '0b331cca-3c41-45ec-8bd0-6e7940b0ffb0', '10', '10', '2023-08-27 18:42:06', '2023-08-27 18:42:06'),
('ce0bbe17-d519-41d9-af1e-d08171c04025', 'b44904d8-37c3-471f-97b0-b54f7edbd049', 'aa36aee9-e302-4e13-a237-ea7f85301240', '5', '5', '2023-08-26 13:33:32', '2023-08-26 13:33:32'),
('ce40bf1c-f3c5-495a-9f7a-0e41f912aea7', 'b44904d8-37c3-471f-97b0-b54f7edbd049', 'f6749aa0-ed8f-4b39-8e03-57dacceb8f7d', '10', '10', '2023-08-27 18:46:42', '2023-08-27 18:46:42'),
('ced745d9-d369-4d81-9848-badf8c073e54', 'a85590c7-1b09-486b-8ca7-fd67f9988578', '1925543b-b95d-4d37-8116-740f3e4a5775', '5', '5', '2023-08-27 08:08:02', '2023-08-27 08:08:02'),
('cf339dd3-42d7-47f3-b16b-7e62cac3dffb', 'a85590c7-1b09-486b-8ca7-fd67f9988578', 'aced7dab-936e-4d55-a08e-e08ae5e7ad34', '5', '5', '2023-08-27 05:46:29', '2023-08-27 05:46:29'),
('d0564910-4223-4aea-8e68-2f3cb6476318', 'b44904d8-37c3-471f-97b0-b54f7edbd049', 'd466ea0f-03e8-413c-986a-7ef5e5df6164', '10', '10', '2023-08-27 18:20:21', '2023-08-27 18:20:21'),
('d5313f00-bb93-4a3c-bba7-aced950ea96c', 'b44904d8-37c3-471f-97b0-b54f7edbd049', '6ea9a046-1ea9-498e-95db-10efb0dc513e', '10', '10', '2023-08-27 18:46:00', '2023-08-27 18:46:00'),
('e08eaf01-4aea-4c26-a780-3d8339ff8b80', 'a85590c7-1b09-486b-8ca7-fd67f9988578', '2c6ead8e-73bc-4ece-bb89-84083a126af7', '5', '5', '2023-08-22 06:08:49', '2023-08-22 06:08:49'),
('e8bc1cf9-7675-45b4-b752-693f4382f43f', 'a85590c7-1b09-486b-8ca7-fd67f9988578', '68f938a3-6a9e-4785-8094-d2beb147891a', '5', '5', '2023-08-27 08:07:07', '2023-08-27 08:07:07'),
('ea0d47ed-9760-4810-89fe-bc02735c4e20', 'a85590c7-1b09-486b-8ca7-fd67f9988578', 'fc9289ff-98b9-4775-82c8-44d6f93ff980', '5', '5', '2023-08-27 08:06:14', '2023-08-27 08:06:14'),
('f25dd963-67bf-4bfb-b77f-fdb18a928166', 'b44904d8-37c3-471f-97b0-b54f7edbd049', '00aeab26-851e-42e8-8054-5ec946bab1f6', '5', '5', '2023-09-22 10:31:15', '2023-09-22 10:31:15'),
('f57ba39a-0c4b-4c9f-9f0a-8d734b4dce65', 'b44904d8-37c3-471f-97b0-b54f7edbd049', '3bb7210d-f002-49fd-bdaf-01c53ce43022', '10', '10', '2023-08-27 18:39:50', '2023-08-27 18:39:50'),
('f6ece603-608d-463a-a00a-32cc7d59e512', 'b44904d8-37c3-471f-97b0-b54f7edbd049', '539cd31b-1404-4bfc-9f55-369e0d916163', '5', '5', '2023-08-27 05:07:46', '2023-08-27 05:07:46'),
('f9cb65f5-8e84-49d2-ac78-726423183bd2', 'b44904d8-37c3-471f-97b0-b54f7edbd049', '32cb6297-661d-447f-8c3f-4d82bbef0088', '10', '10', '2023-08-27 18:44:13', '2023-08-27 18:44:13');

-- --------------------------------------------------------

--
-- Struktur dari tabel `konfirmasis`
--

CREATE TABLE `konfirmasis` (
  `id` char(36) NOT NULL,
  `order_id` char(36) NOT NULL,
  `name` varchar(255) NOT NULL,
  `bank` varchar(255) NOT NULL,
  `tanggal` varchar(255) NOT NULL,
  `image` varchar(255) NOT NULL,
  `created_at` timestamp NULL DEFAULT NULL,
  `updated_at` timestamp NULL DEFAULT NULL
) ENGINE=InnoDB DEFAULT CHARSET=utf8mb4 COLLATE=utf8mb4_unicode_ci;

-- --------------------------------------------------------

--
-- Struktur dari tabel `migrations`
--

CREATE TABLE `migrations` (
  `id` int(10) UNSIGNED NOT NULL,
  `migration` varchar(255) NOT NULL,
  `batch` int(11) NOT NULL
) ENGINE=InnoDB DEFAULT CHARSET=utf8mb4 COLLATE=utf8mb4_unicode_ci;

--
-- Dumping data untuk tabel `migrations`
--

INSERT INTO `migrations` (`id`, `migration`, `batch`) VALUES
(1, '2014_10_12_000000_create_users_table', 1),
(2, '2014_10_12_100000_create_password_resets_table', 1),
(3, '2019_08_19_000000_create_failed_jobs_table', 1),
(4, '2019_12_14_000001_create_personal_access_tokens_table', 1),
(5, '2023_08_14_021945_create_tanis_table', 1),
(6, '2023_08_14_032619_create_products_table', 1),
(7, '2023_08_14_062204_create_history_stocks_table', 1),
(8, '2023_08_14_070905_create_orders_table', 1),
(9, '2023_08_14_073603_create_ekspedisis_table', 1),
(10, '2023_08_15_161822_create_konfirmasis_table', 1),
(11, '2023_09_01_223406_create_galeries_table', 2),
(12, '2023_09_01_230810_create_banners_table', 3);

-- --------------------------------------------------------

--
-- Struktur dari tabel `orders`
--

CREATE TABLE `orders` (
  `id` char(36) NOT NULL,
  `inv` varchar(255) NOT NULL,
  `product_id` char(36) NOT NULL,
  `name` varchar(255) NOT NULL,
  `phone` varchar(255) NOT NULL,
  `alamat` text NOT NULL,
  `pembayaran` varchar(255) NOT NULL,
  `jumlah` varchar(255) NOT NULL,
  `harga` varchar(255) NOT NULL,
  `payment` enum('pending','aprove','gagal') NOT NULL,
  `pengiriman` enum('cod','expedisi') NOT NULL,
  `status` enum('pending','proses','mengirim','selesai') NOT NULL,
  `expedisi` varchar(255) DEFAULT NULL,
  `image` varchar(255) DEFAULT NULL,
  `created_at` timestamp NULL DEFAULT NULL,
  `updated_at` timestamp NULL DEFAULT NULL
) ENGINE=InnoDB DEFAULT CHARSET=utf8mb4 COLLATE=utf8mb4_unicode_ci;

--
-- Dumping data untuk tabel `orders`
--

INSERT INTO `orders` (`id`, `inv`, `product_id`, `name`, `phone`, `alamat`, `pembayaran`, `jumlah`, `harga`, `payment`, `pengiriman`, `status`, `expedisi`, `image`, `created_at`, `updated_at`) VALUES
('12e74ddd-4ad1-410e-802a-c52e2bc8080c', 'inv-7386', '0cd38532-b80e-4899-ac71-ac2bef771df2', 'djfldkjf', '345', 'lkdjldg', 'DOKU', '1', '55000', 'pending', 'cod', 'pending', NULL, NULL, '2025-01-01 09:26:37', '2025-01-01 09:26:37'),
('3f14d1f7-29fe-4de5-b585-c9073c0066a7', 'inv-5299', '0cd38532-b80e-4899-ac71-ac2bef771df2', 'khfjdf', '409834', 'lkdfdfdfkjf', 'DOKU', '2', '110000', 'aprove', 'cod', '', NULL, NULL, '2025-01-01 07:36:02', '2025-01-01 07:36:02'),
('60f6f31c-698a-4e12-9800-2b0e8401c6bb', 'inv-5542', '0cd38532-b80e-4899-ac71-ac2bef771df2', 'lskjdjsd', '30475', 'dlfklf', 'DOKU', '1', '55000', 'pending', 'cod', 'pending', NULL, NULL, '2025-01-01 08:12:10', '2025-01-01 08:12:10'),
('7b858ebe-6478-4b38-8ab9-fdc717e6dbc5', 'inv-5167', '0cd38532-b80e-4899-ac71-ac2bef771df2', 'dlksjkd', '143243', 'lakdlkkjd', 'DOKU', '2', '110000', 'pending', 'cod', 'pending', NULL, NULL, '2025-01-01 08:08:27', '2025-01-01 08:08:27'),
('831dd002-0421-4476-aa6d-4af02794bbf0', 'inv-2779', '0cd38532-b80e-4899-ac71-ac2bef771df2', 'kjdshf', '87324', 'fdlkjfl', 'DOKU', '1', '55000', 'pending', 'cod', 'pending', NULL, NULL, '2025-01-01 09:20:05', '2025-01-01 09:20:05'),
('8320da4d-cc28-4411-b01a-c62f45cb9edc', 'inv-7253', '1a48c52c-989c-421a-a0d6-5403ca795b6a', 'lkd', '204', 'slkjff', 'DOKU', '1', '35000', 'pending', 'cod', 'pending', NULL, NULL, '2025-01-01 07:33:10', '2025-01-01 07:33:10'),
('950a3c61-7f2e-45b5-bce5-801966b1de51', 'inv-3045', '0cd38532-b80e-4899-ac71-ac2bef771df2', 'lkdsljd', '9480344', 'dlksjf', 'DOKU', '1', '55000', 'pending', 'cod', 'pending', NULL, NULL, '2025-01-01 12:47:42', '2025-01-01 12:47:42'),
('95f454fb-2f8d-497f-a714-d2eae98a1dee', 'inv-8436', '0cd38532-b80e-4899-ac71-ac2bef771df2', 'ldlsadkjasd', '12344', 'lsdskfkjf', 'DOKU', '1', '55000', 'pending', 'cod', 'pending', NULL, NULL, '2025-01-01 08:05:45', '2025-01-01 08:05:45'),
('d46cbe35-c00b-4558-b75a-0183e44b1d93', 'inv-3585', '0b331cca-3c41-45ec-8bd0-6e7940b0ffb0', 'hans', '1234', 'ldlsjkdsf', 'DOKU', '2', '304000', 'pending', 'cod', 'pending', NULL, NULL, '2025-01-01 07:24:28', '2025-01-01 07:24:28'),
('da71998d-0d7a-47ae-81b1-9cf1afc0b5f5', 'inv-1039', '0cd38532-b80e-4899-ac71-ac2bef771df2', 'dlskdj', '490348', 'skfjslkjf', 'DOKU', '2', '110000', 'pending', 'cod', 'pending', NULL, NULL, '2025-01-01 13:12:02', '2025-01-01 13:12:02'),
('e0d38bbb-30f1-474b-8e24-df4e9f8fc3c0', 'inv-2464', '0cd38532-b80e-4899-ac71-ac2bef771df2', 'hans', '438475', 'shdksjhksjf', 'DOKU', '1', '55000', 'pending', 'cod', 'pending', NULL, NULL, '2025-01-01 09:15:13', '2025-01-01 09:15:13');

-- --------------------------------------------------------

--
-- Struktur dari tabel `password_resets`
--

CREATE TABLE `password_resets` (
  `email` varchar(255) NOT NULL,
  `token` varchar(255) NOT NULL,
  `created_at` timestamp NULL DEFAULT NULL
) ENGINE=InnoDB DEFAULT CHARSET=utf8mb4 COLLATE=utf8mb4_unicode_ci;

-- --------------------------------------------------------

--
-- Struktur dari tabel `personal_access_tokens`
--

CREATE TABLE `personal_access_tokens` (
  `id` bigint(20) UNSIGNED NOT NULL,
  `tokenable_type` varchar(255) NOT NULL,
  `tokenable_id` bigint(20) UNSIGNED NOT NULL,
  `name` varchar(255) NOT NULL,
  `token` varchar(64) NOT NULL,
  `abilities` text DEFAULT NULL,
  `last_used_at` timestamp NULL DEFAULT NULL,
  `expires_at` timestamp NULL DEFAULT NULL,
  `created_at` timestamp NULL DEFAULT NULL,
  `updated_at` timestamp NULL DEFAULT NULL
) ENGINE=InnoDB DEFAULT CHARSET=utf8mb4 COLLATE=utf8mb4_unicode_ci;

-- --------------------------------------------------------

--
-- Struktur dari tabel `products`
--

CREATE TABLE `products` (
  `id` char(36) NOT NULL,
  `tani_id` char(36) NOT NULL,
  `title` varchar(255) NOT NULL,
  `slug` varchar(255) NOT NULL,
  `harga` varchar(255) NOT NULL,
  `status` enum('publish','draft') NOT NULL,
  `stock` varchar(255) NOT NULL,
  `image` varchar(255) NOT NULL,
  `video` varchar(128) DEFAULT NULL,
  `body` longtext NOT NULL,
  `created_at` timestamp NULL DEFAULT NULL,
  `updated_at` timestamp NULL DEFAULT NULL
) ENGINE=InnoDB DEFAULT CHARSET=utf8mb4 COLLATE=utf8mb4_unicode_ci;

--
-- Dumping data untuk tabel `products`
--

INSERT INTO `products` (`id`, `tani_id`, `title`, `slug`, `harga`, `status`, `stock`, `image`, `video`, `body`, `created_at`, `updated_at`) VALUES
('00aeab26-851e-42e8-8054-5ec946bab1f6', 'b44904d8-37c3-471f-97b0-b54f7edbd049', 'Kochin', 'kochin', '35000', 'publish', '5', '1695378675.jpg', 'LpWjc76mz2w', '<p>Tanaman Kochia, atau Kochia scoparia, adalah tanaman tahunan yang berasal dari Asia. Tanaman ini memiliki batang ramping dengan daun berbentuk jarum yang dapat berubah warna dari hijau menjadi merah atau oranye saat memasuki musim gugur. Bunganya kecil dan tidak terlalu mencolok. Kochia sering digunakan sebagai tanaman hias untuk tujuan dekoratif karena perubahan warna daunnya yang mencolok.<br></p>', '2023-09-22 10:31:15', '2023-09-22 10:31:15'),
('04fcd5ac-da64-4385-8d0f-f8e5deff404a', 'a85590c7-1b09-486b-8ca7-fd67f9988578', 'Aglonema Snowhite', 'aglonema-snowhite', '85000', 'publish', '93', '1695125572.jpg', NULL, '<p style=\"margin-right: 0px; margin-bottom: 20px; margin-left: 0px; padding: 0px;\">Tanaman satu ini punya batang lebih mirip seperti tangkai daun dengan kandungan air cukup tinggi di dalamnya. Ada berbagai macam warna batang tanaman ini dan untuk jenis Snow White, batangnya berwarna putih bersih. Ukuran batang cukup pendek, hanya sekitar 1-3 cm saja dan setiap batangnya akan terhubung langsung dengan satu daun.<span style=\"font-size: var(--bs-body-font-size); font-weight: var(--bs-body-font-weight); text-align: var(--bs-body-text-align);\">Snow white bisa menghasilkan bunga yang terbagi ke dalam bunga jantan di bagian atas serta bunga betina di pangkalnya. Bentuk dari bunga tanaman ini mirip seperti keladi dengan warna yang juga putih bersih di sekitar ketiak daun. Bunga tersebut bisa berubah menjadi buah ketika berhasil melakukan penyerbukan dengan bentuk lonjong mirip seperti melinjo.</span></p>', '2023-08-27 18:25:18', '2024-12-31 19:41:39'),
('0b331cca-3c41-45ec-8bd0-6e7940b0ffb0', 'b44904d8-37c3-471f-97b0-b54f7edbd049', 'Keladi Marble', 'keladi-marble', '152000', 'publish', '2', '1693161726.jpg', NULL, '<p style=\"border: 0px solid rgb(217, 217, 227); --tw-border-spacing-x: 0; --tw-border-spacing-y: 0; --tw-translate-x: 0; --tw-translate-y: 0; --tw-rotate: 0; --tw-skew-x: 0; --tw-skew-y: 0; --tw-scale-x: 1; --tw-scale-y: 1; --tw-pan-x: ; --tw-pan-y: ; --tw-pinch-zoom: ; --tw-scroll-snap-strictness: proximity; --tw-gradient-from-position: ; --tw-gradient-via-position: ; --tw-gradient-to-position: ; --tw-ordinal: ; --tw-slashed-zero: ; --tw-numeric-figure: ; --tw-numeric-spacing: ; --tw-numeric-fraction: ; --tw-ring-inset: ; --tw-ring-offset-width: 0px; --tw-ring-offset-color: #fff; --tw-ring-color: rgba(69,89,164,.5); --tw-ring-offset-shadow: 0 0 transparent; --tw-ring-shadow: 0 0 transparent; --tw-shadow: 0 0 transparent; --tw-shadow-colored: 0 0 transparent; --tw-blur: ; --tw-brightness: ; --tw-contrast: ; --tw-grayscale: ; --tw-hue-rotate: ; --tw-invert: ; --tw-saturate: ; --tw-sepia: ; --tw-drop-shadow: ; --tw-backdrop-blur: ; --tw-backdrop-brightness: ; --tw-backdrop-contrast: ; --tw-backdrop-grayscale: ; --tw-backdrop-hue-rotate: ; --tw-backdrop-invert: ; --tw-backdrop-opacity: ; --tw-backdrop-saturate: ; --tw-backdrop-sepia: ; margin-right: 0px; margin-bottom: 1.25em; margin-left: 0px;\">Keladi Marble\" mungkin merujuk pada keladi yang memiliki daun dengan pola marmer atau warna-warni yang menyerupai marmer. Tanaman keladi atau Caladium adalah tanaman hias populer yang terkenal karena daun-daunnya yang artistik dan beragam warna serta pola.<span style=\"font-size: var(--bs-body-font-size); font-weight: var(--bs-body-font-weight); text-align: var(--bs-body-text-align);\">Ciri khas dari Keladi Marble adalah daun-daunnya yang berwarna-warni dengan pola marmer yang unik. Pola ini bisa mencakup kombinasi warna seperti putih, hijau, merah muda, atau merah terang yang menciptakan tampilan yang menarik dan dekoratif.</span></p>', '2023-08-27 18:42:06', '2025-01-01 07:24:28'),
('0cd38532-b80e-4899-ac71-ac2bef771df2', 'b44904d8-37c3-471f-97b0-b54f7edbd049', 'Aglonema', 'aglonema', '55000', 'publish', '77', '1693115135.jpg', NULL, '<p>glaonema adalah tanaman hias daun yang berasal dari Asia Tenggara. Tanaman ini dikenal dengan daun-daun yang beragam warna dan pola, seperti hijau, merah, merah muda, atau perak. Aglaonema cenderung lebih cocok untuk tumbuh di dalam ruangan dengan cahaya yang terang hingga sedang. Mereka adalah tanaman yang tahan teduh relatif mudah perawatannya.<br></p>', '2023-08-27 05:45:35', '2025-01-01 13:12:02'),
('12a25a96-5b30-46ed-bcef-6a7975c8416b', 'b44904d8-37c3-471f-97b0-b54f7edbd049', 'Aglonema Chinese', 'aglonema-chinese', '55000', 'publish', '5', '1693114502.jpg', NULL, '<p style=\"border: 0px solid rgb(217, 217, 227); --tw-border-spacing-x: 0; --tw-border-spacing-y: 0; --tw-translate-x: 0; --tw-translate-y: 0; --tw-rotate: 0; --tw-skew-x: 0; --tw-skew-y: 0; --tw-scale-x: 1; --tw-scale-y: 1; --tw-pan-x: ; --tw-pan-y: ; --tw-pinch-zoom: ; --tw-scroll-snap-strictness: proximity; --tw-gradient-from-position: ; --tw-gradient-via-position: ; --tw-gradient-to-position: ; --tw-ordinal: ; --tw-slashed-zero: ; --tw-numeric-figure: ; --tw-numeric-spacing: ; --tw-numeric-fraction: ; --tw-ring-inset: ; --tw-ring-offset-width: 0px; --tw-ring-offset-color: #fff; --tw-ring-color: rgba(69,89,164,.5); --tw-ring-offset-shadow: 0 0 transparent; --tw-ring-shadow: 0 0 transparent; --tw-shadow: 0 0 transparent; --tw-shadow-colored: 0 0 transparent; --tw-blur: ; --tw-brightness: ; --tw-contrast: ; --tw-grayscale: ; --tw-hue-rotate: ; --tw-invert: ; --tw-saturate: ; --tw-sepia: ; --tw-drop-shadow: ; --tw-backdrop-blur: ; --tw-backdrop-brightness: ; --tw-backdrop-contrast: ; --tw-backdrop-grayscale: ; --tw-backdrop-hue-rotate: ; --tw-backdrop-invert: ; --tw-backdrop-opacity: ; --tw-backdrop-saturate: ; --tw-backdrop-sepia: ; margin-right: 0px; margin-bottom: 1.25em; margin-left: 0px;\">\"Aglaonema Chinese\" mungkin merujuk pada salah satu varietas atau jenis tanaman Aglaonema yang memiliki hubungan dengan unsur budaya atau geografis Tiongkok. Namun, pada pengetahuan saya hingga bulan September 2021, tidak ada varietas yang dikenal secara khusus dengan nama \"Aglaonema Chinese.\"</p><p style=\"border: 0px solid rgb(217, 217, 227); --tw-border-spacing-x: 0; --tw-border-spacing-y: 0; --tw-translate-x: 0; --tw-translate-y: 0; --tw-rotate: 0; --tw-skew-x: 0; --tw-skew-y: 0; --tw-scale-x: 1; --tw-scale-y: 1; --tw-pan-x: ; --tw-pan-y: ; --tw-pinch-zoom: ; --tw-scroll-snap-strictness: proximity; --tw-gradient-from-position: ; --tw-gradient-via-position: ; --tw-gradient-to-position: ; --tw-ordinal: ; --tw-slashed-zero: ; --tw-numeric-figure: ; --tw-numeric-spacing: ; --tw-numeric-fraction: ; --tw-ring-inset: ; --tw-ring-offset-width: 0px; --tw-ring-offset-color: #fff; --tw-ring-color: rgba(69,89,164,.5); --tw-ring-offset-shadow: 0 0 transparent; --tw-ring-shadow: 0 0 transparent; --tw-shadow: 0 0 transparent; --tw-shadow-colored: 0 0 transparent; --tw-blur: ; --tw-brightness: ; --tw-contrast: ; --tw-grayscale: ; --tw-hue-rotate: ; --tw-invert: ; --tw-saturate: ; --tw-sepia: ; --tw-drop-shadow: ; --tw-backdrop-blur: ; --tw-backdrop-brightness: ; --tw-backdrop-contrast: ; --tw-backdrop-grayscale: ; --tw-backdrop-hue-rotate: ; --tw-backdrop-invert: ; --tw-backdrop-opacity: ; --tw-backdrop-saturate: ; --tw-backdrop-sepia: ; margin: 1.25em 0px 0px;\">Aglaonema adalah tanaman hias populer yang memiliki berbagai varietas dengan daun yang indah dan variasi warna yang menarik. Mungkin ada varietas atau jenis yang lebih umum diidentifikasi oleh karakteristik atau warnanya, tetapi jika Anda memiliki informasi lebih lanjut atau nama yang lebih akurat, saya akan senang membantu memberikan informasi yang lebih tepat.</p>', '2023-08-27 05:35:02', '2023-08-27 05:35:02'),
('18097ced-b24d-4349-b328-4b381fcbb275', 'b44904d8-37c3-471f-97b0-b54f7edbd049', 'Janda Bolong', 'Janda-Bolong', '25000', 'publish', '2', '1693052925.png', NULL, '<p>\"Janda Bolong\" adalah sebutan populer untuk tanaman hias Monstera deliciosa, yang juga dikenal sebagai Swiss Cheese Plant. Nama \"janda bolong\" merujuk pada pola daunnya yang terbuka dan berlubang-lubang, mirip dengan motif renda atau kain yang memiliki lubang-lubang. Ini adalah salah satu karakteristik paling khas dari tanaman ini.<br></p>', '2023-08-26 12:28:45', '2024-11-16 07:39:38'),
('1925543b-b95d-4d37-8116-740f3e4a5775', 'a85590c7-1b09-486b-8ca7-fd67f9988578', 'Bonsai Juniperus', 'bonsai-juniperus', '550000', 'publish', '2', '1693123682.jpg', NULL, '<p style=\"margin-right: 0px; margin-bottom: 1.25em; margin-left: 0px; border: 0px solid rgb(217, 217, 227); --tw-border-spacing-x: 0; --tw-border-spacing-y: 0; --tw-translate-x: 0; --tw-translate-y: 0; --tw-rotate: 0; --tw-skew-x: 0; --tw-skew-y: 0; --tw-scale-x: 1; --tw-scale-y: 1; --tw-pan-x: ; --tw-pan-y: ; --tw-pinch-zoom: ; --tw-scroll-snap-strictness: proximity; --tw-gradient-from-position: ; --tw-gradient-via-position: ; --tw-gradient-to-position: ; --tw-ordinal: ; --tw-slashed-zero: ; --tw-numeric-figure: ; --tw-numeric-spacing: ; --tw-numeric-fraction: ; --tw-ring-inset: ; --tw-ring-offset-width: 0px; --tw-ring-offset-color: #fff; --tw-ring-color: rgba(69,89,164,.5); --tw-ring-offset-shadow: 0 0 transparent; --tw-ring-shadow: 0 0 transparent; --tw-shadow: 0 0 transparent; --tw-shadow-colored: 0 0 transparent; --tw-blur: ; --tw-brightness: ; --tw-contrast: ; --tw-grayscale: ; --tw-hue-rotate: ; --tw-invert: ; --tw-saturate: ; --tw-sepia: ; --tw-drop-shadow: ; --tw-backdrop-blur: ; --tw-backdrop-brightness: ; --tw-backdrop-contrast: ; --tw-backdrop-grayscale: ; --tw-backdrop-hue-rotate: ; --tw-backdrop-invert: ; --tw-backdrop-opacity: ; --tw-backdrop-saturate: ; --tw-backdrop-sepia: ;\">Bonsai Juniperus merujuk pada jenis bonsai yang terbuat dari pohon juniperus. Juniperus adalah genus pohon konifer yang memiliki banyak spesies dan varietas yang berbeda, dan beberapa di antaranya sering dijadikan bonsai. Juniperus memiliki daun-daun berbentuk seperti jarum atau sisik dan cenderung tahan terhadap perawatan bonsai.</p><p style=\"margin: 1.25em 0px; border: 0px solid rgb(217, 217, 227); --tw-border-spacing-x: 0; --tw-border-spacing-y: 0; --tw-translate-x: 0; --tw-translate-y: 0; --tw-rotate: 0; --tw-skew-x: 0; --tw-skew-y: 0; --tw-scale-x: 1; --tw-scale-y: 1; --tw-pan-x: ; --tw-pan-y: ; --tw-pinch-zoom: ; --tw-scroll-snap-strictness: proximity; --tw-gradient-from-position: ; --tw-gradient-via-position: ; --tw-gradient-to-position: ; --tw-ordinal: ; --tw-slashed-zero: ; --tw-numeric-figure: ; --tw-numeric-spacing: ; --tw-numeric-fraction: ; --tw-ring-inset: ; --tw-ring-offset-width: 0px; --tw-ring-offset-color: #fff; --tw-ring-color: rgba(69,89,164,.5); --tw-ring-offset-shadow: 0 0 transparent; --tw-ring-shadow: 0 0 transparent; --tw-shadow: 0 0 transparent; --tw-shadow-colored: 0 0 transparent; --tw-blur: ; --tw-brightness: ; --tw-contrast: ; --tw-grayscale: ; --tw-hue-rotate: ; --tw-invert: ; --tw-saturate: ; --tw-sepia: ; --tw-drop-shadow: ; --tw-backdrop-blur: ; --tw-backdrop-brightness: ; --tw-backdrop-contrast: ; --tw-backdrop-grayscale: ; --tw-backdrop-hue-rotate: ; --tw-backdrop-invert: ; --tw-backdrop-opacity: ; --tw-backdrop-saturate: ; --tw-backdrop-sepia: ;\">Beberapa spesies Juniperus yang umum dijadikan bonsai termasuk Juniperus chinensis (Chinese Juniper), Juniperus procumbens (Japanese Garden Juniper), dan Juniperus squamata (Flaky Juniper).</p><p style=\"margin: 1.25em 0px; border: 0px solid rgb(217, 217, 227); --tw-border-spacing-x: 0; --tw-border-spacing-y: 0; --tw-translate-x: 0; --tw-translate-y: 0; --tw-rotate: 0; --tw-skew-x: 0; --tw-skew-y: 0; --tw-scale-x: 1; --tw-scale-y: 1; --tw-pan-x: ; --tw-pan-y: ; --tw-pinch-zoom: ; --tw-scroll-snap-strictness: proximity; --tw-gradient-from-position: ; --tw-gradient-via-position: ; --tw-gradient-to-position: ; --tw-ordinal: ; --tw-slashed-zero: ; --tw-numeric-figure: ; --tw-numeric-spacing: ; --tw-numeric-fraction: ; --tw-ring-inset: ; --tw-ring-offset-width: 0px; --tw-ring-offset-color: #fff; --tw-ring-color: rgba(69,89,164,.5); --tw-ring-offset-shadow: 0 0 transparent; --tw-ring-shadow: 0 0 transparent; --tw-shadow: 0 0 transparent; --tw-shadow-colored: 0 0 transparent; --tw-blur: ; --tw-brightness: ; --tw-contrast: ; --tw-grayscale: ; --tw-hue-rotate: ; --tw-invert: ; --tw-saturate: ; --tw-sepia: ; --tw-drop-shadow: ; --tw-backdrop-blur: ; --tw-backdrop-brightness: ; --tw-backdrop-contrast: ; --tw-backdrop-grayscale: ; --tw-backdrop-hue-rotate: ; --tw-backdrop-invert: ; --tw-backdrop-opacity: ; --tw-backdrop-saturate: ; --tw-backdrop-sepia: ;\">Perawatan untuk Bonsai Juniperus meliputi:</p><p style=\"margin: 1.25em 0px; border: 0px solid rgb(217, 217, 227); --tw-border-spacing-x: 0; --tw-border-spacing-y: 0; --tw-translate-x: 0; --tw-translate-y: 0; --tw-rotate: 0; --tw-skew-x: 0; --tw-skew-y: 0; --tw-scale-x: 1; --tw-scale-y: 1; --tw-pan-x: ; --tw-pan-y: ; --tw-pinch-zoom: ; --tw-scroll-snap-strictness: proximity; --tw-gradient-from-position: ; --tw-gradient-via-position: ; --tw-gradient-to-position: ; --tw-ordinal: ; --tw-slashed-zero: ; --tw-numeric-figure: ; --tw-numeric-spacing: ; --tw-numeric-fraction: ; --tw-ring-inset: ; --tw-ring-offset-width: 0px; --tw-ring-offset-color: #fff; --tw-ring-color: rgba(69,89,164,.5); --tw-ring-offset-shadow: 0 0 transparent; --tw-ring-shadow: 0 0 transparent; --tw-shadow: 0 0 transparent; --tw-shadow-colored: 0 0 transparent; --tw-blur: ; --tw-brightness: ; --tw-contrast: ; --tw-grayscale: ; --tw-hue-rotate: ; --tw-invert: ; --tw-saturate: ; --tw-sepia: ; --tw-drop-shadow: ; --tw-backdrop-blur: ; --tw-backdrop-brightness: ; --tw-backdrop-contrast: ; --tw-backdrop-grayscale: ; --tw-backdrop-hue-rotate: ; --tw-backdrop-invert: ; --tw-backdrop-opacity: ; --tw-backdrop-saturate: ; --tw-backdrop-sepia: ;\"><span style=\"font-size: var(--bs-body-font-size); font-weight: var(--bs-body-font-weight); text-align: var(--bs-body-text-align); border: 0px solid rgb(217, 217, 227); --tw-border-spacing-x: 0; --tw-border-spacing-y: 0; --tw-translate-x: 0; --tw-translate-y: 0; --tw-rotate: 0; --tw-skew-x: 0; --tw-skew-y: 0; --tw-scale-x: 1; --tw-scale-y: 1; --tw-pan-x: ; --tw-pan-y: ; --tw-pinch-zoom: ; --tw-scroll-snap-strictness: proximity; --tw-gradient-from-position: ; --tw-gradient-via-position: ; --tw-gradient-to-position: ; --tw-ordinal: ; --tw-slashed-zero: ; --tw-numeric-figure: ; --tw-numeric-spacing: ; --tw-numeric-fraction: ; --tw-ring-inset: ; --tw-ring-offset-width: 0px; --tw-ring-offset-color: #fff; --tw-ring-color: rgba(69,89,164,.5); --tw-ring-offset-shadow: 0 0 transparent; --tw-ring-shadow: 0 0 transparent; --tw-shadow: 0 0 transparent; --tw-shadow-colored: 0 0 transparent; --tw-blur: ; --tw-brightness: ; --tw-contrast: ; --tw-grayscale: ; --tw-hue-rotate: ; --tw-invert: ; --tw-saturate: ; --tw-sepia: ; --tw-drop-shadow: ; --tw-backdrop-blur: ; --tw-backdrop-brightness: ; --tw-backdrop-contrast: ; --tw-backdrop-grayscale: ; --tw-backdrop-hue-rotate: ; --tw-backdrop-invert: ; --tw-backdrop-opacity: ; --tw-backdrop-saturate: ; --tw-backdrop-sepia: ;\">Pencahayaan:</span><span style=\"font-size: var(--bs-body-font-size); font-weight: var(--bs-body-font-weight); text-align: var(--bs-body-text-align);\">&nbsp;Juniperus umumnya membutuhkan banyak sinar matahari. Tempatkan bonsai Juniperus di tempat yang mendapatkan sinar matahari langsung selama beberapa jam sehari.</span></p><p style=\"margin: 1.25em 0px; border: 0px solid rgb(217, 217, 227); --tw-border-spacing-x: 0; --tw-border-spacing-y: 0; --tw-translate-x: 0; --tw-translate-y: 0; --tw-rotate: 0; --tw-skew-x: 0; --tw-skew-y: 0; --tw-scale-x: 1; --tw-scale-y: 1; --tw-pan-x: ; --tw-pan-y: ; --tw-pinch-zoom: ; --tw-scroll-snap-strictness: proximity; --tw-gradient-from-position: ; --tw-gradient-via-position: ; --tw-gradient-to-position: ; --tw-ordinal: ; --tw-slashed-zero: ; --tw-numeric-figure: ; --tw-numeric-spacing: ; --tw-numeric-fraction: ; --tw-ring-inset: ; --tw-ring-offset-width: 0px; --tw-ring-offset-color: #fff; --tw-ring-color: rgba(69,89,164,.5); --tw-ring-offset-shadow: 0 0 transparent; --tw-ring-shadow: 0 0 transparent; --tw-shadow: 0 0 transparent; --tw-shadow-colored: 0 0 transparent; --tw-blur: ; --tw-brightness: ; --tw-contrast: ; --tw-grayscale: ; --tw-hue-rotate: ; --tw-invert: ; --tw-saturate: ; --tw-sepia: ; --tw-drop-shadow: ; --tw-backdrop-blur: ; --tw-backdrop-brightness: ; --tw-backdrop-contrast: ; --tw-backdrop-grayscale: ; --tw-backdrop-hue-rotate: ; --tw-backdrop-invert: ; --tw-backdrop-opacity: ; --tw-backdrop-saturate: ; --tw-backdrop-sepia: ;\"><span style=\"font-size: var(--bs-body-font-size); font-weight: var(--bs-body-font-weight); text-align: var(--bs-body-text-align); border: 0px solid rgb(217, 217, 227); --tw-border-spacing-x: 0; --tw-border-spacing-y: 0; --tw-translate-x: 0; --tw-translate-y: 0; --tw-rotate: 0; --tw-skew-x: 0; --tw-skew-y: 0; --tw-scale-x: 1; --tw-scale-y: 1; --tw-pan-x: ; --tw-pan-y: ; --tw-pinch-zoom: ; --tw-scroll-snap-strictness: proximity; --tw-gradient-from-position: ; --tw-gradient-via-position: ; --tw-gradient-to-position: ; --tw-ordinal: ; --tw-slashed-zero: ; --tw-numeric-figure: ; --tw-numeric-spacing: ; --tw-numeric-fraction: ; --tw-ring-inset: ; --tw-ring-offset-width: 0px; --tw-ring-offset-color: #fff; --tw-ring-color: rgba(69,89,164,.5); --tw-ring-offset-shadow: 0 0 transparent; --tw-ring-shadow: 0 0 transparent; --tw-shadow: 0 0 transparent; --tw-shadow-colored: 0 0 transparent; --tw-blur: ; --tw-brightness: ; --tw-contrast: ; --tw-grayscale: ; --tw-hue-rotate: ; --tw-invert: ; --tw-saturate: ; --tw-sepia: ; --tw-drop-shadow: ; --tw-backdrop-blur: ; --tw-backdrop-brightness: ; --tw-backdrop-contrast: ; --tw-backdrop-grayscale: ; --tw-backdrop-hue-rotate: ; --tw-backdrop-invert: ; --tw-backdrop-opacity: ; --tw-backdrop-saturate: ; --tw-backdrop-sepia: ;\">Penyiraman:</span><span style=\"font-size: var(--bs-body-font-size); font-weight: var(--bs-body-font-weight); text-align: var(--bs-body-text-align);\">&nbsp;Tanah harus lembab, tetapi hindari genangan air. Biarkan tanah sedikit mengering antara penyiraman.&nbsp;</span><span style=\"font-size: var(--bs-body-font-size); font-weight: var(--bs-body-font-weight); text-align: var(--bs-body-text-align); border: 0px solid rgb(217, 217, 227); --tw-border-spacing-x: 0; --tw-border-spacing-y: 0; --tw-translate-x: 0; --tw-translate-y: 0; --tw-rotate: 0; --tw-skew-x: 0; --tw-skew-y: 0; --tw-scale-x: 1; --tw-scale-y: 1; --tw-pan-x: ; --tw-pan-y: ; --tw-pinch-zoom: ; --tw-scroll-snap-strictness: proximity; --tw-gradient-from-position: ; --tw-gradient-via-position: ; --tw-gradient-to-position: ; --tw-ordinal: ; --tw-slashed-zero: ; --tw-numeric-figure: ; --tw-numeric-spacing: ; --tw-numeric-fraction: ; --tw-ring-inset: ; --tw-ring-offset-width: 0px; --tw-ring-offset-color: #fff; --tw-ring-color: rgba(69,89,164,.5); --tw-ring-offset-shadow: 0 0 transparent; --tw-ring-shadow: 0 0 transparent; --tw-shadow: 0 0 transparent; --tw-shadow-colored: 0 0 transparent; --tw-blur: ; --tw-brightness: ; --tw-contrast: ; --tw-grayscale: ; --tw-hue-rotate: ; --tw-invert: ; --tw-saturate: ; --tw-sepia: ; --tw-drop-shadow: ; --tw-backdrop-blur: ; --tw-backdrop-brightness: ; --tw-backdrop-contrast: ; --tw-backdrop-grayscale: ; --tw-backdrop-hue-rotate: ; --tw-backdrop-invert: ; --tw-backdrop-opacity: ; --tw-backdrop-saturate: ; --tw-backdrop-sepia: ;\">Pemangkasan:</span><span style=\"font-size: var(--bs-body-font-size); font-weight: var(--bs-body-font-weight); text-align: var(--bs-body-text-align);\">&nbsp;Bonsai Juniperus perlu dipangkas secara teratur untuk</span></p>', '2023-08-27 08:08:02', '2024-12-27 03:41:47'),
('1a48c52c-989c-421a-a0d6-5403ca795b6a', 'b44904d8-37c3-471f-97b0-b54f7edbd049', 'Daun Zebra', 'Daun-Zebra', '35000', 'publish', '1', '1693055402.png', NULL, '<p>\"Daun Zebra\" adalah sebutan umum untuk tanaman hias yang dikenal sebagai Calathea zebrina. Tanaman ini terkenal karena pola daunnya yang menyerupai garis-garis atau belang zebrak. Calathea zebrina berasal dari hutan tropis Amerika Selatan, terutama daerah Brasil.<br></p>', '2023-08-26 13:10:02', '2025-01-01 07:33:10'),
('1bee48bb-c2c8-4cc0-8c1b-2cdf1eb2fe56', 'b44904d8-37c3-471f-97b0-b54f7edbd049', 'Aptenia', 'aptenia', '70000', 'publish', '2', '1693114443.jpg', NULL, '<p>Aptenia, atau Aptenia cordifolia, adalah jenis tanaman semak atau perdu yang berasal dari Afrika Selatan. Tanaman ini dikenal dengan beberapa nama umum, seperti \"Heartleaf Ice Plant,\" \"Baby Sun Rose,\" atau \"Red Apple.\" Aptenia memiliki daun berbentuk hati dan bunga-bunga kecil yang menarik perhatian.<br></p>', '2023-08-27 05:34:03', '2025-01-01 06:31:35'),
('2154d435-93b5-4e34-a1b0-c9ea5e142989', 'b44904d8-37c3-471f-97b0-b54f7edbd049', 'Tanduk Rusa', 'Tanduk-Rusa', '45000', 'publish', '2', '1693055341.png', NULL, '<p>Tanaman Tanduk Rusa (Platycerium spp.) adalah tanaman hias yang menarik dan unik karena bentuk daunnya yang mirip tanduk atau tanduk rusa. Tanaman ini berasal dari hutan tropis di wilayah Asia, Australia, dan Amerika Selatan. Ada beberapa spesies dalam keluarga Platycerium, dan masing-masing memiliki penampilan yang khas.<br></p>', '2023-08-26 13:09:01', '2025-01-01 07:11:09'),
('21e87dff-b2c3-40a8-9cb8-5b6989be71a0', 'b44904d8-37c3-471f-97b0-b54f7edbd049', 'Jemani Kobra', 'jemani-kobra', '105000', 'publish', '10', '1693161541.jpg', NULL, '<p style=\"border: 0px solid rgb(217, 217, 227); --tw-border-spacing-x: 0; --tw-border-spacing-y: 0; --tw-translate-x: 0; --tw-translate-y: 0; --tw-rotate: 0; --tw-skew-x: 0; --tw-skew-y: 0; --tw-scale-x: 1; --tw-scale-y: 1; --tw-pan-x: ; --tw-pan-y: ; --tw-pinch-zoom: ; --tw-scroll-snap-strictness: proximity; --tw-gradient-from-position: ; --tw-gradient-via-position: ; --tw-gradient-to-position: ; --tw-ordinal: ; --tw-slashed-zero: ; --tw-numeric-figure: ; --tw-numeric-spacing: ; --tw-numeric-fraction: ; --tw-ring-inset: ; --tw-ring-offset-width: 0px; --tw-ring-offset-color: #fff; --tw-ring-color: rgba(69,89,164,.5); --tw-ring-offset-shadow: 0 0 transparent; --tw-ring-shadow: 0 0 transparent; --tw-shadow: 0 0 transparent; --tw-shadow-colored: 0 0 transparent; --tw-blur: ; --tw-brightness: ; --tw-contrast: ; --tw-grayscale: ; --tw-hue-rotate: ; --tw-invert: ; --tw-saturate: ; --tw-sepia: ; --tw-drop-shadow: ; --tw-backdrop-blur: ; --tw-backdrop-brightness: ; --tw-backdrop-contrast: ; --tw-backdrop-grayscale: ; --tw-backdrop-hue-rotate: ; --tw-backdrop-invert: ; --tw-backdrop-opacity: ; --tw-backdrop-saturate: ; --tw-backdrop-sepia: ; margin-right: 0px; margin-bottom: 1.25em; margin-left: 0px;\">Anthurium Kobra adalah varietas khusus dari tanaman hias Anthurium (Anthurium andraeanum) yang memiliki bentuk daun yang menyerupai pola kulit ular kobra. Anthurium Kobra adalah contoh yang menarik dari tanaman hias dengan daun yang unik dan atraktif.&nbsp;<span style=\"font-size: var(--bs-body-font-size); font-weight: var(--bs-body-font-weight); text-align: var(--bs-body-text-align);\">Ciri khas dari Anthurium Kobra adalah daunnya yang berbentuk seperti hati dengan tepi yang meruncing dan pola berwarna yang menyerupai pola pada kulit ular kobra. Warna daun bisa bervariasi dari hijau tua hingga hijau muda, dan warna kobra bisa berupa putih, kuning, atau merah tergantung pada varietasnya.</span></p>', '2023-08-27 18:39:01', '2023-08-27 18:39:01'),
('2b9adeeb-50f8-49f4-a47b-255052ff9bce', 'b44904d8-37c3-471f-97b0-b54f7edbd049', 'Aglonema Snowhite', 'aglonema-snowhite-2', '85000', 'publish', '10', '1693162489.jpg', NULL, '<p>Aglonema \'Snow White\' adalah varietas tanaman hias Aglaonema yang dikenal karena tampilan daun-daunnya yang elegan dan pola variegata yang mencolok. Aglaonema adalah tanaman hias yang populer dan tahan teduh yang sering ditanam di dalam ruangan karena keindahan daunnya dan kemampuannya untuk bertahan dalam kondisi cahaya rendah.<br></p>', '2023-08-27 18:54:49', '2023-08-27 18:54:49'),
('2c6ead8e-73bc-4ece-bb89-84083a126af7', 'a85590c7-1b09-486b-8ca7-fd67f9988578', 'Keladi Tengkorak', 'Keladi-Tengkorak', '25000', 'publish', '3', '1692684529.png', NULL, '<p>Keladi Tengkorak adalah varietas tanaman keladi yang dikenal karena daun-daunnya yang berwarna hijau kebiruan dengan pola unik seperti \"tengkorak\" yang terbentuk oleh pola garis-garis pada daun. Tanaman ini dapat merambat atau digantung, membuatnya cocok sebagai tanaman hias gantung atau tanaman meja. Keladi Tengkorak relatif mudah dirawat dan cocok untuk berbagai kondisi cahaya, namun hindari sinar matahari langsung yang terlalu kuat.<br></p>', '2023-08-22 06:08:49', '2024-12-20 03:19:36'),
('2f4f4761-9812-4057-8602-cf64f8a5de8c', 'b44904d8-37c3-471f-97b0-b54f7edbd049', 'Anggrek Bulan', 'anggrek-bulan', '145000', 'publish', '9', '1693160509.jpg', NULL, '<p><span style=\"color: rgb(58, 58, 58); font-family: -apple-system, system-ui, BlinkMacSystemFont, &quot;Segoe UI&quot;, Helvetica, Arial, sans-serif, &quot;Apple Color Emoji&quot;, &quot;Segoe UI Emoji&quot;, &quot;Segoe UI Symbol&quot;; font-size: 17px; text-align: justify;\">Anggrek Bulan&nbsp;</span><em style=\"border: 0px; margin: 0px; padding: 0px; color: rgb(58, 58, 58); font-family: -apple-system, system-ui, BlinkMacSystemFont, &quot;Segoe UI&quot;, Helvetica, Arial, sans-serif, &quot;Apple Color Emoji&quot;, &quot;Segoe UI Emoji&quot;, &quot;Segoe UI Symbol&quot;; font-size: 17px; text-align: justify;\">( Phalaenopsis amabilis )</em><span style=\"color: rgb(58, 58, 58); font-family: -apple-system, system-ui, BlinkMacSystemFont, &quot;Segoe UI&quot;, Helvetica, Arial, sans-serif, &quot;Apple Color Emoji&quot;, &quot;Segoe UI Emoji&quot;, &quot;Segoe UI Symbol&quot;; font-size: 17px; text-align: justify;\">&nbsp;merupakan salah satu bunga nasional Indonesia yang ditetapkan sebagai Puspa Pesona Indonesia mendampingi bunga melati dan raflessia arnoldii. Anggrek bulan merupakan slah satu anggota genus Phalaenopsis, yaitu genus yang pertama kali ditemukan oleh ahli Botani Belanda , Dr.C.L Blume.&nbsp;</span><span style=\"color: rgb(58, 58, 58); font-family: -apple-system, system-ui, BlinkMacSystemFont, &quot;Segoe UI&quot;, Helvetica, Arial, sans-serif, &quot;Apple Color Emoji&quot;, &quot;Segoe UI Emoji&quot;, &quot;Segoe UI Symbol&quot;; font-size: 17px; text-align: justify;\">Anggrek bulan mempunyai ciri khas kelopak bunga yang lebar berwarna putih, dengan daun hijaun berbentuk memanjang dan akar putih berbentuk bulat memanjang. Bunga anggrek bulan merupakan bunga yang awet ketika berbunga</span><br></p>', '2023-08-27 18:21:49', '2023-09-22 10:08:22'),
('32cb6297-661d-447f-8c3f-4d82bbef0088', 'b44904d8-37c3-471f-97b0-b54f7edbd049', 'Sepatu Film Variegata', 'sepatu-film-variegata', '65000', 'publish', '2', '1693161853.jpg', NULL, '<p style=\"border: 0px solid rgb(217, 217, 227); --tw-border-spacing-x: 0; --tw-border-spacing-y: 0; --tw-translate-x: 0; --tw-translate-y: 0; --tw-rotate: 0; --tw-skew-x: 0; --tw-skew-y: 0; --tw-scale-x: 1; --tw-scale-y: 1; --tw-pan-x: ; --tw-pan-y: ; --tw-pinch-zoom: ; --tw-scroll-snap-strictness: proximity; --tw-gradient-from-position: ; --tw-gradient-via-position: ; --tw-gradient-to-position: ; --tw-ordinal: ; --tw-slashed-zero: ; --tw-numeric-figure: ; --tw-numeric-spacing: ; --tw-numeric-fraction: ; --tw-ring-inset: ; --tw-ring-offset-width: 0px; --tw-ring-offset-color: #fff; --tw-ring-color: rgba(69,89,164,.5); --tw-ring-offset-shadow: 0 0 transparent; --tw-ring-shadow: 0 0 transparent; --tw-shadow: 0 0 transparent; --tw-shadow-colored: 0 0 transparent; --tw-blur: ; --tw-brightness: ; --tw-contrast: ; --tw-grayscale: ; --tw-hue-rotate: ; --tw-invert: ; --tw-saturate: ; --tw-sepia: ; --tw-drop-shadow: ; --tw-backdrop-blur: ; --tw-backdrop-brightness: ; --tw-backdrop-contrast: ; --tw-backdrop-grayscale: ; --tw-backdrop-hue-rotate: ; --tw-backdrop-invert: ; --tw-backdrop-opacity: ; --tw-backdrop-saturate: ; --tw-backdrop-sepia: ; margin-right: 0px; margin-bottom: 1.25em; margin-left: 0px;\">\"Sepatu Film Variegata\" mungkin mengacu pada tanaman hias dengan nama ilmiah Acalypha wilkesiana \'Mardis Gras\' atau varietas serupa. Tanaman ini juga dikenal dengan nama lain seperti \"Copperleaf\" atau \"Jacob\'s Coat.\" Varietas variegata dari tanaman ini memiliki daun-daun yang berwarna-warni dengan pola variegata yang mencolok.</p><p style=\"border: 0px solid rgb(217, 217, 227); --tw-border-spacing-x: 0; --tw-border-spacing-y: 0; --tw-translate-x: 0; --tw-translate-y: 0; --tw-rotate: 0; --tw-skew-x: 0; --tw-skew-y: 0; --tw-scale-x: 1; --tw-scale-y: 1; --tw-pan-x: ; --tw-pan-y: ; --tw-pinch-zoom: ; --tw-scroll-snap-strictness: proximity; --tw-gradient-from-position: ; --tw-gradient-via-position: ; --tw-gradient-to-position: ; --tw-ordinal: ; --tw-slashed-zero: ; --tw-numeric-figure: ; --tw-numeric-spacing: ; --tw-numeric-fraction: ; --tw-ring-inset: ; --tw-ring-offset-width: 0px; --tw-ring-offset-color: #fff; --tw-ring-color: rgba(69,89,164,.5); --tw-ring-offset-shadow: 0 0 transparent; --tw-ring-shadow: 0 0 transparent; --tw-shadow: 0 0 transparent; --tw-shadow-colored: 0 0 transparent; --tw-blur: ; --tw-brightness: ; --tw-contrast: ; --tw-grayscale: ; --tw-hue-rotate: ; --tw-invert: ; --tw-saturate: ; --tw-sepia: ; --tw-drop-shadow: ; --tw-backdrop-blur: ; --tw-backdrop-brightness: ; --tw-backdrop-contrast: ; --tw-backdrop-grayscale: ; --tw-backdrop-hue-rotate: ; --tw-backdrop-invert: ; --tw-backdrop-opacity: ; --tw-backdrop-saturate: ; --tw-backdrop-sepia: ; margin: 1.25em 0px;\">Ciri khas dari Sepatu Film Variegata adalah daun-daunnya yang lebar, berbentuk oval, dan memiliki warna-warni yang mencakup kombinasi merah, hijau, kuning, dan oranye. Pola variegata pada daun-daunnya menciptakan tampilan yang cerah dan menarik.</p>', '2023-08-27 18:44:13', '2024-12-24 03:12:30'),
('3b18004b-4eb8-4e1e-af2e-69bb5df2058e', 'b44904d8-37c3-471f-97b0-b54f7edbd049', 'Anggrek Kelip', 'anggrek-kelip-2', '55000', 'publish', '10', '1693160344.jpg', NULL, '<p><span style=\"color: rgb(58, 58, 58); font-family: -apple-system, system-ui, BlinkMacSystemFont, &quot;Segoe UI&quot;, Helvetica, Arial, sans-serif, &quot;Apple Color Emoji&quot;, &quot;Segoe UI Emoji&quot;, &quot;Segoe UI Symbol&quot;; font-size: 17px; text-align: justify;\">Sama seperti kebanyakan bunga anggrek lainnya anggrek kelip merupakan tanaman epifit (menumpang pada tumbuhan lain sebagai tempat hidupnya) tumbuh ditempat hangat. Anggrek jenis ini mempunyai jenis daun elip, agak bergelombang dan menyempit dibagian bawahnya. Bunga muncul satu persatu pada bagian tangkai bunga dengan tangkai bunga pendek dan pipih panjang mencapai 10-25 cm. Bunga ini mampu mekar hingga 4 minggu, selanjutnya akan mekar dari tangkai bunga yang sama dan berulang hingga 2-7 kali.</span><br style=\"color: rgb(58, 58, 58); font-family: -apple-system, system-ui, BlinkMacSystemFont, &quot;Segoe UI&quot;, Helvetica, Arial, sans-serif, &quot;Apple Color Emoji&quot;, &quot;Segoe UI Emoji&quot;, &quot;Segoe UI Symbol&quot;; font-size: 17px; text-align: justify;\"><span style=\"color: rgb(58, 58, 58); font-family: -apple-system, system-ui, BlinkMacSystemFont, &quot;Segoe UI&quot;, Helvetica, Arial, sans-serif, &quot;Apple Color Emoji&quot;, &quot;Segoe UI Emoji&quot;, &quot;Segoe UI Symbol&quot;; font-size: 17px; text-align: justify;\">Warna khas dari jenis anggrek ini adalah Violet namun terdapat varietas lainnya berwarna kebiruan. Bunga yang mekar akan mengeluarkan aroma wangi khas, wangi bunga ini dapat tercium hingga radius beberapa meter.</span><br></p>', '2023-08-27 18:19:04', '2023-08-27 18:19:04'),
('3bb7210d-f002-49fd-bdaf-01c53ce43022', 'b44904d8-37c3-471f-97b0-b54f7edbd049', 'Philodendron Jari', 'philodendron-jari', '95000', 'publish', '10', '1693161590.jpg', NULL, '<p style=\"border: 0px solid rgb(217, 217, 227); --tw-border-spacing-x: 0; --tw-border-spacing-y: 0; --tw-translate-x: 0; --tw-translate-y: 0; --tw-rotate: 0; --tw-skew-x: 0; --tw-skew-y: 0; --tw-scale-x: 1; --tw-scale-y: 1; --tw-pan-x: ; --tw-pan-y: ; --tw-pinch-zoom: ; --tw-scroll-snap-strictness: proximity; --tw-gradient-from-position: ; --tw-gradient-via-position: ; --tw-gradient-to-position: ; --tw-ordinal: ; --tw-slashed-zero: ; --tw-numeric-figure: ; --tw-numeric-spacing: ; --tw-numeric-fraction: ; --tw-ring-inset: ; --tw-ring-offset-width: 0px; --tw-ring-offset-color: #fff; --tw-ring-color: rgba(69,89,164,.5); --tw-ring-offset-shadow: 0 0 transparent; --tw-ring-shadow: 0 0 transparent; --tw-shadow: 0 0 transparent; --tw-shadow-colored: 0 0 transparent; --tw-blur: ; --tw-brightness: ; --tw-contrast: ; --tw-grayscale: ; --tw-hue-rotate: ; --tw-invert: ; --tw-saturate: ; --tw-sepia: ; --tw-drop-shadow: ; --tw-backdrop-blur: ; --tw-backdrop-brightness: ; --tw-backdrop-contrast: ; --tw-backdrop-grayscale: ; --tw-backdrop-hue-rotate: ; --tw-backdrop-invert: ; --tw-backdrop-opacity: ; --tw-backdrop-saturate: ; --tw-backdrop-sepia: ; margin-right: 0px; margin-bottom: 1.25em; margin-left: 0px;\"> Philodendron Birkin, yang sering dikenal sebagai \"Philodendron Jari\" karena pola unik pada daunnya yang terlihat seperti sidik jari. Philodendron Birkin adalah tanaman hias populer dengan daun yang kontras dan menarik.<span style=\"font-size: var(--bs-body-font-size); font-weight: var(--bs-body-font-weight); text-align: var(--bs-body-text-align);\">Ciri khas dari Philodendron Birkin adalah daun-daunnya yang tebal, berbentuk panjang dengan garis-garis putih atau kuning yang mengingatkan pada pola sidik jari manusia. Daunnya biasanya berwarna hijau tua hingga hijau gelap dengan kontras yang mencolok dari garis-garis terang.</span></p>', '2023-08-27 18:39:50', '2023-08-27 18:39:50'),
('41629bb9-7198-4e23-be75-28de4bf2cbde', 'a85590c7-1b09-486b-8ca7-fd67f9988578', 'Pandan Bali', 'pandan-bali', '185000', 'publish', '5', '1693115565.jpg', NULL, '<p>Pandan Bali (Pandanus amaryllifolius), juga dikenal sebagai \"Pandan Wangi\" atau \"Screwpine,\" adalah tanaman yang populer di Asia Tenggara dan khususnya di Bali, Indonesia. Pandan Bali memiliki daun yang sangat aromatik dan digunakan dalam berbagai hidangan, minuman, dan kue tradisional untuk memberikan aroma dan rasa khas.<br></p>', '2023-08-27 05:52:45', '2023-08-27 05:52:45'),
('454b2097-175f-422b-b7c9-c35fa1eac75b', 'a85590c7-1b09-486b-8ca7-fd67f9988578', 'Miana', 'Miana', '30000', 'publish', '2', '1692684590.png', NULL, '<p>Miana, atau juga dikenal sebagai Nerve Plant, adalah tanaman hias yang terkenal karena daun-daunnya yang kecil dengan pola sarang laba-laba atau urat yang mencolok. Tanaman ini umumnya memiliki daun berwarna hijau muda atau merah muda, tergantung pada varietasnya. Miana sering ditanam dalam pot di dalam ruangan karena ukurannya yang kompak dan keindahan daunnya. Tanaman ini membutuhkan kelembaban yang tinggi dan cahaya yang terang namun tidak terkena sinar matahari langsung secara berlebihan.<br></p>', '2023-08-22 06:09:50', '2024-12-24 02:40:10'),
('4583c166-90f1-4d1a-a93b-9cf3ffd01d36', 'a85590c7-1b09-486b-8ca7-fd67f9988578', 'Dollar', 'Dollar', '45000', 'publish', '5', '1692683914.png', NULL, '<p>Tanaman hias Dollar, yang juga dikenal dengan nama kentang Dollar (Zamioculcas zamiifolia), merupakan salah satu pilihan populer dalam dunia hortikultura sebagai tanaman indoor yang menarik. Tanaman ini berasal dari Afrika Barat dan umumnya dikenal karena daun-daunnya yang tebal, berkilau, dan tahan lama, serta kemampuannya untuk bertahan dalam kondisi tumbuh yang minim perawatan.<br></p>', '2023-08-22 05:58:34', '2023-08-22 05:58:34'),
('469f9e6d-71d3-4d0f-81d9-91118119b275', 'b44904d8-37c3-471f-97b0-b54f7edbd049', 'Anyelir Bunga Merah', 'anyelir-bunga-merah', '55000', 'publish', '5', '1693113806.jpg', NULL, '<p>Dianthus caryophyllus, adalah tanaman hias yang menarik perhatian dengan kombinasi elegan dari bunga merah dan putih yang indah. Tanaman ini memiliki bunga-bunga berukuran sedang dengan kelopak yang terlihat seperti tepi yang meruncing, memberikan sentuhan dekoratif yang istimewa. Anyelir Bunga Merah Putih dikenal karena keindahan dan aroma harumnya yang khas, menjadikannya pilihan populer untuk dijadikan rangkaian bunga segar maupun tanaman pot hias di dalam ruangan. Daun-daunnya yang hijau juga memberikan kontras yang menarik dengan bunga-bunganya, menciptakan tampilan estetis yang menawan di taman atau dalam pot di dalam ruangan<br></p>', '2023-08-27 05:23:26', '2023-08-27 05:23:26'),
('48775bb1-6b40-426c-bf38-6b84b74d0e36', 'b44904d8-37c3-471f-97b0-b54f7edbd049', 'Paku Hati', 'Paku-Hati', '45000', 'publish', '5', '1693056355.png', NULL, '<p>\"Paku Hati\" adalah sebutan umum untuk tanaman yang dikenal sebagai Platycerium bifurcatum. Tanaman ini juga sering disebut \"Paku Rusa\" atau \"Elkhorn Fern.\" Paku Hati adalah tanaman epifit yang berasal dari daerah hutan tropis di Australia, Asia Tenggara, dan Pasifik. Nama \"Paku Hati\" merujuk pada bentuk daunnya yang menyerupai bentuk hati atau hati manusia.<br></p>', '2023-08-26 13:25:55', '2023-08-26 13:25:55'),
('48d485d9-83c5-444d-8645-f1bc91237f92', 'b44904d8-37c3-471f-97b0-b54f7edbd049', 'Sente Kipas', 'Sente-Kipas', '65000', 'publish', '5', '1693055625.png', NULL, '<p style=\"border: 0px solid rgb(217, 217, 227); --tw-border-spacing-x: 0; --tw-border-spacing-y: 0; --tw-translate-x: 0; --tw-translate-y: 0; --tw-rotate: 0; --tw-skew-x: 0; --tw-skew-y: 0; --tw-scale-x: 1; --tw-scale-y: 1; --tw-pan-x: ; --tw-pan-y: ; --tw-pinch-zoom: ; --tw-scroll-snap-strictness: proximity; --tw-gradient-from-position: ; --tw-gradient-via-position: ; --tw-gradient-to-position: ; --tw-ordinal: ; --tw-slashed-zero: ; --tw-numeric-figure: ; --tw-numeric-spacing: ; --tw-numeric-fraction: ; --tw-ring-inset: ; --tw-ring-offset-width: 0px; --tw-ring-offset-color: #fff; --tw-ring-color: rgba(69,89,164,.5); --tw-ring-offset-shadow: 0 0 transparent; --tw-ring-shadow: 0 0 transparent; --tw-shadow: 0 0 transparent; --tw-shadow-colored: 0 0 transparent; --tw-blur: ; --tw-brightness: ; --tw-contrast: ; --tw-grayscale: ; --tw-hue-rotate: ; --tw-invert: ; --tw-saturate: ; --tw-sepia: ; --tw-drop-shadow: ; --tw-backdrop-blur: ; --tw-backdrop-brightness: ; --tw-backdrop-contrast: ; --tw-backdrop-grayscale: ; --tw-backdrop-hue-rotate: ; --tw-backdrop-invert: ; --tw-backdrop-opacity: ; --tw-backdrop-saturate: ; --tw-backdrop-sepia: ; margin-right: 0px; margin-bottom: 1.25em; margin-left: 0px;\">\"Sansevieria Kipas\" atau \"Sansevieria Masoniana,\" yang juga dikenal dengan sebutan \"Snek Kipas\" atau \"Sansevieria Whale Fin.\"</p><p style=\"border: 0px solid rgb(217, 217, 227); --tw-border-spacing-x: 0; --tw-border-spacing-y: 0; --tw-translate-x: 0; --tw-translate-y: 0; --tw-rotate: 0; --tw-skew-x: 0; --tw-skew-y: 0; --tw-scale-x: 1; --tw-scale-y: 1; --tw-pan-x: ; --tw-pan-y: ; --tw-pinch-zoom: ; --tw-scroll-snap-strictness: proximity; --tw-gradient-from-position: ; --tw-gradient-via-position: ; --tw-gradient-to-position: ; --tw-ordinal: ; --tw-slashed-zero: ; --tw-numeric-figure: ; --tw-numeric-spacing: ; --tw-numeric-fraction: ; --tw-ring-inset: ; --tw-ring-offset-width: 0px; --tw-ring-offset-color: #fff; --tw-ring-color: rgba(69,89,164,.5); --tw-ring-offset-shadow: 0 0 transparent; --tw-ring-shadow: 0 0 transparent; --tw-shadow: 0 0 transparent; --tw-shadow-colored: 0 0 transparent; --tw-blur: ; --tw-brightness: ; --tw-contrast: ; --tw-grayscale: ; --tw-hue-rotate: ; --tw-invert: ; --tw-saturate: ; --tw-sepia: ; --tw-drop-shadow: ; --tw-backdrop-blur: ; --tw-backdrop-brightness: ; --tw-backdrop-contrast: ; --tw-backdrop-grayscale: ; --tw-backdrop-hue-rotate: ; --tw-backdrop-invert: ; --tw-backdrop-opacity: ; --tw-backdrop-saturate: ; --tw-backdrop-sepia: ; margin: 1.25em 0px;\">Sansevieria masoniana adalah jenis tanaman sukulen yang memiliki daun yang lebar, lebar, dan memiliki bentuk yang unik seperti ekor paus atau sirip paus. Tanaman ini umumnya dikenal dengan sebutan \"Sansevieria Masoniana\" atau \"Whale Fin Snake Plant\" karena bentuk daunnya yang menyerupai ekor paus. </p>', '2023-08-26 13:13:45', '2023-08-26 13:13:45'),
('53890263-cdad-4c4f-b2e2-dedb1d63daa2', 'b44904d8-37c3-471f-97b0-b54f7edbd049', 'Keladi Venus', 'keladi-venus', '85000', 'draft', '10', '1693162399.jpg', NULL, '<p style=\"border: 0px solid rgb(217, 217, 227); --tw-border-spacing-x: 0; --tw-border-spacing-y: 0; --tw-translate-x: 0; --tw-translate-y: 0; --tw-rotate: 0; --tw-skew-x: 0; --tw-skew-y: 0; --tw-scale-x: 1; --tw-scale-y: 1; --tw-pan-x: ; --tw-pan-y: ; --tw-pinch-zoom: ; --tw-scroll-snap-strictness: proximity; --tw-gradient-from-position: ; --tw-gradient-via-position: ; --tw-gradient-to-position: ; --tw-ordinal: ; --tw-slashed-zero: ; --tw-numeric-figure: ; --tw-numeric-spacing: ; --tw-numeric-fraction: ; --tw-ring-inset: ; --tw-ring-offset-width: 0px; --tw-ring-offset-color: #fff; --tw-ring-color: rgba(69,89,164,.5); --tw-ring-offset-shadow: 0 0 transparent; --tw-ring-shadow: 0 0 transparent; --tw-shadow: 0 0 transparent; --tw-shadow-colored: 0 0 transparent; --tw-blur: ; --tw-brightness: ; --tw-contrast: ; --tw-grayscale: ; --tw-hue-rotate: ; --tw-invert: ; --tw-saturate: ; --tw-sepia: ; --tw-drop-shadow: ; --tw-backdrop-blur: ; --tw-backdrop-brightness: ; --tw-backdrop-contrast: ; --tw-backdrop-grayscale: ; --tw-backdrop-hue-rotate: ; --tw-backdrop-invert: ; --tw-backdrop-opacity: ; --tw-backdrop-saturate: ; --tw-backdrop-sepia: ; margin-right: 0px; margin-bottom: 1.25em; margin-left: 0px;\">Keladi Venus (Alocasia \"Venus\") adalah varietas tanaman hias Alocasia yang memiliki daun-daun yang cantik dan menarik. Varian ini memiliki daun-daun berbentuk hati yang besar dengan warna dasar hijau gelap atau ungu tua, serta pola yang mencolok dan berwarna-warni, sering kali menyerupai bintang-bintang di malam hari.</p><p style=\"border: 0px solid rgb(217, 217, 227); --tw-border-spacing-x: 0; --tw-border-spacing-y: 0; --tw-translate-x: 0; --tw-translate-y: 0; --tw-rotate: 0; --tw-skew-x: 0; --tw-skew-y: 0; --tw-scale-x: 1; --tw-scale-y: 1; --tw-pan-x: ; --tw-pan-y: ; --tw-pinch-zoom: ; --tw-scroll-snap-strictness: proximity; --tw-gradient-from-position: ; --tw-gradient-via-position: ; --tw-gradient-to-position: ; --tw-ordinal: ; --tw-slashed-zero: ; --tw-numeric-figure: ; --tw-numeric-spacing: ; --tw-numeric-fraction: ; --tw-ring-inset: ; --tw-ring-offset-width: 0px; --tw-ring-offset-color: #fff; --tw-ring-color: rgba(69,89,164,.5); --tw-ring-offset-shadow: 0 0 transparent; --tw-ring-shadow: 0 0 transparent; --tw-shadow: 0 0 transparent; --tw-shadow-colored: 0 0 transparent; --tw-blur: ; --tw-brightness: ; --tw-contrast: ; --tw-grayscale: ; --tw-hue-rotate: ; --tw-invert: ; --tw-saturate: ; --tw-sepia: ; --tw-drop-shadow: ; --tw-backdrop-blur: ; --tw-backdrop-brightness: ; --tw-backdrop-contrast: ; --tw-backdrop-grayscale: ; --tw-backdrop-hue-rotate: ; --tw-backdrop-invert: ; --tw-backdrop-opacity: ; --tw-backdrop-saturate: ; --tw-backdrop-sepia: ; margin: 1.25em 0px;\"><br></p>', '2023-08-27 18:53:19', '2023-08-27 18:53:19'),
('539cd31b-1404-4bfc-9f55-369e0d916163', 'b44904d8-37c3-471f-97b0-b54f7edbd049', 'Anyelir Bunga Merah Putih', 'anyelir-bunga-merah-putih', '45000', 'publish', '5', '1693112864.jpg', NULL, '<p>Anyelir Bunga Merah Putih, juga dikenal sebagai Dianthus caryophyllus, adalah tanaman hias yang menarik perhatian dengan kombinasi elegan dari bunga merah dan putih yang indah. Tanaman ini memiliki bunga-bunga berukuran sedang dengan kelopak yang terlihat seperti tepi yang meruncing, memberikan sentuhan dekoratif yang istimewa. Anyelir Bunga Merah Putih dikenal karena keindahan dan aroma harumnya yang khas, menjadikannya pilihan populer untuk dijadikan rangkaian bunga segar maupun tanaman pot hias di dalam ruangan. Daun-daunnya yang hijau juga memberikan kontras yang menarik dengan bunga-bunganya, menciptakan tampilan estetis yang menawan di taman atau dalam pot di dalam ruangan. Tanaman ini umumnya dikenal sebagai simbol cinta, kasih sayang, dan keberanian, membuatnya sering digunakan dalam berbagai aransemen bunga untuk berbagai kesempatan istimewa.<br></p>', '2023-08-27 05:07:46', '2023-08-27 05:07:46'),
('55651a02-d9ab-4562-ac59-694eadb32b9e', 'b44904d8-37c3-471f-97b0-b54f7edbd049', 'Anggrek Tebu', 'anggrek-tebu', '85000', 'publish', '10', '1693160456.jpg', NULL, '<p><span style=\"color: rgb(58, 58, 58); font-family: -apple-system, system-ui, BlinkMacSystemFont, &quot;Segoe UI&quot;, Helvetica, Arial, sans-serif, &quot;Apple Color Emoji&quot;, &quot;Segoe UI Emoji&quot;, &quot;Segoe UI Symbol&quot;; font-size: 17px;\">Anggrek tebu merupakan jenis anggrek terbesar, karena anggrek ini bisa mencapai berak 1 ton dengan tinggi 3 meter. Ciri khas anggrek ini adalah ukurannya yang besar dan mempunyai malai. malai dapat tumbuh mencapai ketinggian 2,5-3 meter. Dalam setiap malai nya dapat memiliki sampai ratusan kuntuk bunga dengan batang yang mirip dengan batang tebu.&nbsp;Ciri bunga nya berwarna kuning dengan sedikit bintik bintik coklat dengan bunga yang tidak mudah layu.</span><br></p>', '2023-08-27 18:20:56', '2023-08-27 18:20:56'),
('56552ee3-66aa-4b1a-bb80-464dd4056cea', 'b44904d8-37c3-471f-97b0-b54f7edbd049', 'Anggrek Selop', 'anggrek-selop', '55000', 'publish', '10', '1693160301.jpg', NULL, '<p style=\"border: 0px; margin-right: 0px; margin-bottom: 1.5em; margin-left: 0px; padding: 0px; color: rgb(58, 58, 58); font-family: -apple-system, system-ui, BlinkMacSystemFont, &quot;Segoe UI&quot;, Helvetica, Arial, sans-serif, &quot;Apple Color Emoji&quot;, &quot;Segoe UI Emoji&quot;, &quot;Segoe UI Symbol&quot;; font-size: 17px; text-align: justify;\">Anggrek selop berbulu dalam bahasa latin disebut dengan istilah&nbsp;<em style=\"border: 0px; margin: 0px; padding: 0px;\">Paphiopedilum glaucophyllum</em>. Jenis anggrek ini merupakan jenis tanaman endemik yang hanya dapat ditemukan di lereng-lereng gunung semeru pada ketinggian 450-770 mdpl. Pada habitat alaminya, anggrek ini tumbuh menempel pada dinding-dinding tebing yang tinggi dengan media tumbuh berupa humus. Anggrek selop mempunyai keunikan, dari namanya yang unik jenis anggrek ini memiliki labellum pada bunganya yang mirip dengan selop dat sepatu. Ciri fisik lainnya dari anggrek ini mempunyai bentuk daun lonjong sepanjang 30 cm, dengan bunga berukuran sekitar 7,5 cm.&nbsp;<span style=\"font-weight: var(--bs-body-font-weight);\">Anggrek selop (Paphiopedilum glaucophyllum) termasuk salah satu jenis anggrek yang dilindungi keberadaanya. Keindahan dan keunikan jenis anggrek ini mengakibatkan pemburuan oleh orang tidak bertanggungjwab oleh karena itu jenis anggrek ini semakin langka dihabitat asliny</span></p>', '2023-08-27 18:18:21', '2023-08-27 18:18:21'),
('58f365b8-8892-4c52-8bac-3ebe84a1b17c', 'a85590c7-1b09-486b-8ca7-fd67f9988578', 'Miana Lidah Api', 'miana-lidah-api', '55000', 'publish', '5', '1693115247.jpg', NULL, '<p>\"Miana Lidah Api\" mungkin merujuk pada varietas tertentu dari tanaman hias yang disebut Fittonia (Fittonia spp.), juga dikenal dengan nama \"Nerve Plant\" atau \"Mosaic Plant.\" Fittonia adalah tanaman yang berasal dari Amerika Tengah dan Selatan dan terkenal karena daun-daunnya yang beraneka warna dan penuh dengan pola-pola unik yang menyerupai jaringan saraf.<br></p>', '2023-08-27 05:47:27', '2023-08-27 05:47:27'),
('5934e302-b8e9-4e8c-ac4a-1b9584e51390', 'a85590c7-1b09-486b-8ca7-fd67f9988578', 'Keladi Hitam', 'Keladi-Hitam', '25000', 'publish', '5', '1692684325.png', NULL, '<p>Keladi Hitam (Colocasia esculenta) atau juga dikenal dengan nama Taro adalah tanaman umbi yang umumnya ditanam sebagai tanaman pangan dan tanaman hias. Tanaman ini berasal dari daerah tropis di Asia Tenggara dan Pasifik, dan telah lama menjadi bagian dari makanan tradisional di berbagai budaya.<br></p>', '2023-08-22 06:05:25', '2023-08-22 06:05:25');
INSERT INTO `products` (`id`, `tani_id`, `title`, `slug`, `harga`, `status`, `stock`, `image`, `video`, `body`, `created_at`, `updated_at`) VALUES
('59559bbb-ca0e-4a7a-aa4c-bbf22769a75f', 'b44904d8-37c3-471f-97b0-b54f7edbd049', 'Bunga Anyelir Putih Ungu', 'bunga-anyelir-putih-ungu', '55000', 'publish', '5', '1693114022.jpg', NULL, '<p style=\"border: 0px solid rgb(217, 217, 227); --tw-border-spacing-x: 0; --tw-border-spacing-y: 0; --tw-translate-x: 0; --tw-translate-y: 0; --tw-rotate: 0; --tw-skew-x: 0; --tw-skew-y: 0; --tw-scale-x: 1; --tw-scale-y: 1; --tw-pan-x: ; --tw-pan-y: ; --tw-pinch-zoom: ; --tw-scroll-snap-strictness: proximity; --tw-gradient-from-position: ; --tw-gradient-via-position: ; --tw-gradient-to-position: ; --tw-ordinal: ; --tw-slashed-zero: ; --tw-numeric-figure: ; --tw-numeric-spacing: ; --tw-numeric-fraction: ; --tw-ring-inset: ; --tw-ring-offset-width: 0px; --tw-ring-offset-color: #fff; --tw-ring-color: rgba(69,89,164,.5); --tw-ring-offset-shadow: 0 0 transparent; --tw-ring-shadow: 0 0 transparent; --tw-shadow: 0 0 transparent; --tw-shadow-colored: 0 0 transparent; --tw-blur: ; --tw-brightness: ; --tw-contrast: ; --tw-grayscale: ; --tw-hue-rotate: ; --tw-invert: ; --tw-saturate: ; --tw-sepia: ; --tw-drop-shadow: ; --tw-backdrop-blur: ; --tw-backdrop-brightness: ; --tw-backdrop-contrast: ; --tw-backdrop-grayscale: ; --tw-backdrop-hue-rotate: ; --tw-backdrop-invert: ; --tw-backdrop-opacity: ; --tw-backdrop-saturate: ; --tw-backdrop-sepia: ; margin-right: 0px; margin-bottom: 1.25em; margin-left: 0px;\">Bunga Anyelir (Dianthus caryophyllus) dalam warna putih ungu adalah varietas Anyelir yang memiliki kombinasi warna putih dan ungu pada bunga-bunganya. Anyelir sendiri adalah tanaman hias populer yang memiliki berbagai varietas dengan warna dan bentuk bunga yang beragam.</p><p style=\"border: 0px solid rgb(217, 217, 227); --tw-border-spacing-x: 0; --tw-border-spacing-y: 0; --tw-translate-x: 0; --tw-translate-y: 0; --tw-rotate: 0; --tw-skew-x: 0; --tw-skew-y: 0; --tw-scale-x: 1; --tw-scale-y: 1; --tw-pan-x: ; --tw-pan-y: ; --tw-pinch-zoom: ; --tw-scroll-snap-strictness: proximity; --tw-gradient-from-position: ; --tw-gradient-via-position: ; --tw-gradient-to-position: ; --tw-ordinal: ; --tw-slashed-zero: ; --tw-numeric-figure: ; --tw-numeric-spacing: ; --tw-numeric-fraction: ; --tw-ring-inset: ; --tw-ring-offset-width: 0px; --tw-ring-offset-color: #fff; --tw-ring-color: rgba(69,89,164,.5); --tw-ring-offset-shadow: 0 0 transparent; --tw-ring-shadow: 0 0 transparent; --tw-shadow: 0 0 transparent; --tw-shadow-colored: 0 0 transparent; --tw-blur: ; --tw-brightness: ; --tw-contrast: ; --tw-grayscale: ; --tw-hue-rotate: ; --tw-invert: ; --tw-saturate: ; --tw-sepia: ; --tw-drop-shadow: ; --tw-backdrop-blur: ; --tw-backdrop-brightness: ; --tw-backdrop-contrast: ; --tw-backdrop-grayscale: ; --tw-backdrop-hue-rotate: ; --tw-backdrop-invert: ; --tw-backdrop-opacity: ; --tw-backdrop-saturate: ; --tw-backdrop-sepia: ; margin: 1.25em 0px;\">Anyelir dengan bunga putih ungu adalah contoh varietas yang indah dan menarik perhatian. Bunga dengan kombinasi warna ini biasanya memiliki kelopak putih bersih dengan garis-garis atau bagian-bagian di dalamnya yang berwarna ungu. Kombinasi ini memberikan sentuhan visual yang kontras dan menarik pada tanaman.</p>', '2023-08-27 05:27:02', '2023-08-27 05:27:02'),
('5c0842cd-c8b0-4572-a7bb-bb479a10c2a3', 'b44904d8-37c3-471f-97b0-b54f7edbd049', 'Dracena Merah', 'dracena-merah', '65000', 'publish', '5', '1693114287.jpg', NULL, '<p>Dracaena merah, yang juga dikenal sebagai \"Red Dracaena\" atau \"Cordyline,\" adalah tanaman hias populer yang memiliki daun merah atau merah ungu yang menarik perhatian. Dracaena merah adalah anggota keluarga Asparagaceae dan sering ditanam sebagai tanaman hias indoor atau outdoor, tergantung pada iklim dan kondisi tumbuh.<br></p>', '2023-08-27 05:31:27', '2023-08-27 05:31:27'),
('5efe587c-0670-4859-ab22-f25fc9d11cbf', 'a85590c7-1b09-486b-8ca7-fd67f9988578', 'Bonsai Beringin', 'bonsai-beringin', '55000', 'publish', '5', '1693123782.jpg', NULL, '<p>Bonsai Beringin adalah jenis bonsai yang terbuat dari pohon beringin (Ficus benjamina). Beringin adalah tanaman populer untuk dijinakkan menjadi bonsai karena kemampuan mereka dalam bertahan hidup dalam wadah kecil dan kemampuan bertahan yang baik dalam kondisi indoor. Beringin memiliki daun-daun yang kecil dan meruncing, serta akar-akar yang bisa terlihat artistik ketika tumbuh dalam pot dangkal.<br></p>', '2023-08-27 08:09:42', '2023-08-27 08:09:42'),
('5f61bb5e-8dce-4d98-9b49-c31e18a51db8', 'b44904d8-37c3-471f-97b0-b54f7edbd049', 'Anthorium Bunga', 'anthorium-bunga', '145000', 'publish', '10', '1693162155.jpg', NULL, '<p>Tanaman&nbsp;anthurium&nbsp;memerlukan lingkungan sempurna seperti suhu dalam ruangan lebih tinggi dari 15 derajat Celsius serta mendapat banyak sinar matahari dan kehangatan sepanjang tahun demi mendorong pertumbuhan dan kesehatan anthurium. Selain itu, jaga tanah tetap lembap, tetapi tidak basah, dan tutupi permukaan tanah dengan lumut agar tetap lembap. Kelembapan adalah sumber kehidupan anthurium karena tanaman memakan air di udara. Semprotkan tanaman secara rutin.<br style=\"\"><br></p>', '2023-08-27 18:49:16', '2023-08-27 18:49:16'),
('660dd52e-a3e7-4145-8439-8bda8cedb570', 'a85590c7-1b09-486b-8ca7-fd67f9988578', 'Siklok', 'Siklok', '30000', 'publish', '5', '1692684838.png', NULL, '<p>Siklok, atau juga dikenal sebagai tanaman sagu, adalah tanaman jenis paku-pakuan yang memiliki bentuk dan penampilan mirip dengan pohon. Tanaman ini memiliki daun-daun berbentuk bulat dan tebal, serta batang yang tegak. Siklok sering ditanam sebagai tanaman hias indoor atau outdoor. Meskipun menarik, perlu diingat bahwa beberapa spesies siklok mengandung zat yang beracun, sehingga perlu dihindari dari jangkauan anak-anak dan hewan peliharaan.<br></p>', '2023-08-22 06:13:58', '2023-08-22 06:13:58'),
('66c6f361-d0f4-42b3-bad2-6d3ba32318f7', 'a85590c7-1b09-486b-8ca7-fd67f9988578', 'Puring', 'puring', '45000', 'publish', '5', '1693114885.jpg', NULL, '<p>Puring\" bisa merujuk pada beberapa jenis tanaman yang berbeda, tergantung pada konteksnya. Dua jenis tanaman yang sering disebut \"puring\" adalah Colocasia esculenta dan Alocasia macrorrhizos. Keduanya adalah tanaman daun yang indah dan populer sebagai tanaman hias atau sebagai bahan pangan di beberapa budaya.<br></p>', '2023-08-27 05:41:25', '2023-08-27 05:41:25'),
('68f938a3-6a9e-4785-8094-d2beb147891a', 'a85590c7-1b09-486b-8ca7-fd67f9988578', 'Bonsai Pinus', 'bonsai-pinus', '225000', 'publish', '5', '1693123627.jpg', NULL, '<p style=\"border: 0px solid rgb(217, 217, 227); --tw-border-spacing-x: 0; --tw-border-spacing-y: 0; --tw-translate-x: 0; --tw-translate-y: 0; --tw-rotate: 0; --tw-skew-x: 0; --tw-skew-y: 0; --tw-scale-x: 1; --tw-scale-y: 1; --tw-pan-x: ; --tw-pan-y: ; --tw-pinch-zoom: ; --tw-scroll-snap-strictness: proximity; --tw-gradient-from-position: ; --tw-gradient-via-position: ; --tw-gradient-to-position: ; --tw-ordinal: ; --tw-slashed-zero: ; --tw-numeric-figure: ; --tw-numeric-spacing: ; --tw-numeric-fraction: ; --tw-ring-inset: ; --tw-ring-offset-width: 0px; --tw-ring-offset-color: #fff; --tw-ring-color: rgba(69,89,164,.5); --tw-ring-offset-shadow: 0 0 transparent; --tw-ring-shadow: 0 0 transparent; --tw-shadow: 0 0 transparent; --tw-shadow-colored: 0 0 transparent; --tw-blur: ; --tw-brightness: ; --tw-contrast: ; --tw-grayscale: ; --tw-hue-rotate: ; --tw-invert: ; --tw-saturate: ; --tw-sepia: ; --tw-drop-shadow: ; --tw-backdrop-blur: ; --tw-backdrop-brightness: ; --tw-backdrop-contrast: ; --tw-backdrop-grayscale: ; --tw-backdrop-hue-rotate: ; --tw-backdrop-invert: ; --tw-backdrop-opacity: ; --tw-backdrop-saturate: ; --tw-backdrop-sepia: ; margin-right: 0px; margin-bottom: 1.25em; margin-left: 0px;\">Bonsai Pinus adalah jenis bonsai yang terbuat dari pohon pinus. Pinus adalah jenis pohon konifer yang memiliki jarum daun yang tajam dan batang yang kuat. Bonsai Pinus adalah salah satu jenis bonsai yang populer dan memiliki karakteristik unik yang menciptakan tampilan yang menarik.</p><p style=\"border: 0px solid rgb(217, 217, 227); --tw-border-spacing-x: 0; --tw-border-spacing-y: 0; --tw-translate-x: 0; --tw-translate-y: 0; --tw-rotate: 0; --tw-skew-x: 0; --tw-skew-y: 0; --tw-scale-x: 1; --tw-scale-y: 1; --tw-pan-x: ; --tw-pan-y: ; --tw-pinch-zoom: ; --tw-scroll-snap-strictness: proximity; --tw-gradient-from-position: ; --tw-gradient-via-position: ; --tw-gradient-to-position: ; --tw-ordinal: ; --tw-slashed-zero: ; --tw-numeric-figure: ; --tw-numeric-spacing: ; --tw-numeric-fraction: ; --tw-ring-inset: ; --tw-ring-offset-width: 0px; --tw-ring-offset-color: #fff; --tw-ring-color: rgba(69,89,164,.5); --tw-ring-offset-shadow: 0 0 transparent; --tw-ring-shadow: 0 0 transparent; --tw-shadow: 0 0 transparent; --tw-shadow-colored: 0 0 transparent; --tw-blur: ; --tw-brightness: ; --tw-contrast: ; --tw-grayscale: ; --tw-hue-rotate: ; --tw-invert: ; --tw-saturate: ; --tw-sepia: ; --tw-drop-shadow: ; --tw-backdrop-blur: ; --tw-backdrop-brightness: ; --tw-backdrop-contrast: ; --tw-backdrop-grayscale: ; --tw-backdrop-hue-rotate: ; --tw-backdrop-invert: ; --tw-backdrop-opacity: ; --tw-backdrop-saturate: ; --tw-backdrop-sepia: ; margin: 1.25em 0px;\">Bonsai Pinus biasanya dijinakkan melalui teknik bonsai agar memiliki ukuran miniatur, dengan batang, cabang, dan daun yang proporsional. Ada berbagai varietas pinus yang sering dijadikan bonsai, dan beberapa di antaranya termasuk Pinus pentaphylla (Japanese White Pine), Pinus thunbergii (Japanese Black Pine), dan Pinus mugo (Mountain Pine).</p>', '2023-08-27 08:07:07', '2023-08-27 08:07:07'),
('69b5afc3-2881-4188-bca7-53d17913c598', 'b44904d8-37c3-471f-97b0-b54f7edbd049', 'Boliviensis White', 'boliviensis-white', '55000', 'publish', '5', '1693114186.png', NULL, '<p style=\"border: 0px solid rgb(217, 217, 227); --tw-border-spacing-x: 0; --tw-border-spacing-y: 0; --tw-translate-x: 0; --tw-translate-y: 0; --tw-rotate: 0; --tw-skew-x: 0; --tw-skew-y: 0; --tw-scale-x: 1; --tw-scale-y: 1; --tw-pan-x: ; --tw-pan-y: ; --tw-pinch-zoom: ; --tw-scroll-snap-strictness: proximity; --tw-gradient-from-position: ; --tw-gradient-via-position: ; --tw-gradient-to-position: ; --tw-ordinal: ; --tw-slashed-zero: ; --tw-numeric-figure: ; --tw-numeric-spacing: ; --tw-numeric-fraction: ; --tw-ring-inset: ; --tw-ring-offset-width: 0px; --tw-ring-offset-color: #fff; --tw-ring-color: rgba(69,89,164,.5); --tw-ring-offset-shadow: 0 0 transparent; --tw-ring-shadow: 0 0 transparent; --tw-shadow: 0 0 transparent; --tw-shadow-colored: 0 0 transparent; --tw-blur: ; --tw-brightness: ; --tw-contrast: ; --tw-grayscale: ; --tw-hue-rotate: ; --tw-invert: ; --tw-saturate: ; --tw-sepia: ; --tw-drop-shadow: ; --tw-backdrop-blur: ; --tw-backdrop-brightness: ; --tw-backdrop-contrast: ; --tw-backdrop-grayscale: ; --tw-backdrop-hue-rotate: ; --tw-backdrop-invert: ; --tw-backdrop-opacity: ; --tw-backdrop-saturate: ; --tw-backdrop-sepia: ; margin-right: 0px; margin-bottom: 1.25em; margin-left: 0px;\">\"Boliviensis White\" mengacu pada varietas tertentu dari tanaman tumbuh-tumbuhan berbunga yang disebut Calibrachoa (sering juga dikenal dengan nama Million Bells). Calibrachoa adalah anggota keluarga Solanaceae dan berasal dari Amerika Selatan. Tanaman ini memiliki bunga-bunga yang kecil dan menawan, mirip dengan bunga petunia, dengan berbagai warna dan variasi yang tersedia.</p><p style=\"border: 0px solid rgb(217, 217, 227); --tw-border-spacing-x: 0; --tw-border-spacing-y: 0; --tw-translate-x: 0; --tw-translate-y: 0; --tw-rotate: 0; --tw-skew-x: 0; --tw-skew-y: 0; --tw-scale-x: 1; --tw-scale-y: 1; --tw-pan-x: ; --tw-pan-y: ; --tw-pinch-zoom: ; --tw-scroll-snap-strictness: proximity; --tw-gradient-from-position: ; --tw-gradient-via-position: ; --tw-gradient-to-position: ; --tw-ordinal: ; --tw-slashed-zero: ; --tw-numeric-figure: ; --tw-numeric-spacing: ; --tw-numeric-fraction: ; --tw-ring-inset: ; --tw-ring-offset-width: 0px; --tw-ring-offset-color: #fff; --tw-ring-color: rgba(69,89,164,.5); --tw-ring-offset-shadow: 0 0 transparent; --tw-ring-shadow: 0 0 transparent; --tw-shadow: 0 0 transparent; --tw-shadow-colored: 0 0 transparent; --tw-blur: ; --tw-brightness: ; --tw-contrast: ; --tw-grayscale: ; --tw-hue-rotate: ; --tw-invert: ; --tw-saturate: ; --tw-sepia: ; --tw-drop-shadow: ; --tw-backdrop-blur: ; --tw-backdrop-brightness: ; --tw-backdrop-contrast: ; --tw-backdrop-grayscale: ; --tw-backdrop-hue-rotate: ; --tw-backdrop-invert: ; --tw-backdrop-opacity: ; --tw-backdrop-saturate: ; --tw-backdrop-sepia: ; margin: 1.25em 0px;\">\"Boliviensis White\" merujuk pada varietas Calibrachoa yang memiliki bunga berwarna putih. Calibrachoa varietas ini bisa memiliki bunga tunggal atau ganda, tergantung pada varietas yang spesifik. Kombinasi warna putih bersih pada bunga-bunga Calibrachoa memberikan tampilan yang segar dan elegan di taman, pot, atau bak penanaman gantung.</p>', '2023-08-27 05:29:46', '2023-08-27 05:29:46'),
('6ea9a046-1ea9-498e-95db-10efb0dc513e', 'b44904d8-37c3-471f-97b0-b54f7edbd049', 'Keladi Wayang', 'keladi-wayang', '65000', 'publish', '10', '1693161960.jpg', NULL, '<p style=\"border: 0px solid rgb(217, 217, 227); --tw-border-spacing-x: 0; --tw-border-spacing-y: 0; --tw-translate-x: 0; --tw-translate-y: 0; --tw-rotate: 0; --tw-skew-x: 0; --tw-skew-y: 0; --tw-scale-x: 1; --tw-scale-y: 1; --tw-pan-x: ; --tw-pan-y: ; --tw-pinch-zoom: ; --tw-scroll-snap-strictness: proximity; --tw-gradient-from-position: ; --tw-gradient-via-position: ; --tw-gradient-to-position: ; --tw-ordinal: ; --tw-slashed-zero: ; --tw-numeric-figure: ; --tw-numeric-spacing: ; --tw-numeric-fraction: ; --tw-ring-inset: ; --tw-ring-offset-width: 0px; --tw-ring-offset-color: #fff; --tw-ring-color: rgba(69,89,164,.5); --tw-ring-offset-shadow: 0 0 transparent; --tw-ring-shadow: 0 0 transparent; --tw-shadow: 0 0 transparent; --tw-shadow-colored: 0 0 transparent; --tw-blur: ; --tw-brightness: ; --tw-contrast: ; --tw-grayscale: ; --tw-hue-rotate: ; --tw-invert: ; --tw-saturate: ; --tw-sepia: ; --tw-drop-shadow: ; --tw-backdrop-blur: ; --tw-backdrop-brightness: ; --tw-backdrop-contrast: ; --tw-backdrop-grayscale: ; --tw-backdrop-hue-rotate: ; --tw-backdrop-invert: ; --tw-backdrop-opacity: ; --tw-backdrop-saturate: ; --tw-backdrop-sepia: ; margin-right: 0px; margin-bottom: 1.25em; margin-left: 0px;\">Keladi Wayang (Alocasia cuprea) adalah tanaman hias yang juga dikenal dengan nama lain seperti \"African Mask Plant\" atau \"Mirror Plant.\" Ini adalah anggota dari keluarga Araceae dan populer di kalangan penggemar tanaman hias karena daun-daunnya yang menarik dan mengkilap.<span style=\"font-size: var(--bs-body-font-size); font-weight: var(--bs-body-font-weight); text-align: var(--bs-body-text-align);\">Ciri khas dari Keladi Wayang adalah daun-daun besar yang berbentuk seperti perisai atau topeng dengan permukaan yang mengkilap dan warna-warni yang mencolok. Daun-daunnya sering memiliki warna-warni yang mencakup nuansa perunggu, ungu tua, dan hijau gelap. Permukaan daun yang mengkilap memberikan tampilan yang luar biasa.</span></p>', '2023-08-27 18:46:00', '2023-08-27 18:46:00'),
('72b568e5-ca12-47e9-a18e-a6e59ff35ede', 'b44904d8-37c3-471f-97b0-b54f7edbd049', 'Begonia', 'begonia', '45000', 'publish', '5', '1693113693.jpg', NULL, '<p>Begonia adalah tanaman hias yang populer dan bervariasi, dikenal karena daunnya yang indah dan bunga-bunga yang menarik. Terdapat banyak spesies dan varietas begonia, masing-masing memiliki karakteristik yang unik. Daun begonia bisa berbentuk hati, bulat, atau bergerigi dengan warna-warna yang mencakup hijau, merah, perunggu, atau variegata (bergaris-garis atau bercorak).<br></p>', '2023-08-27 05:21:33', '2023-08-27 05:21:33'),
('7a57e7d8-c687-40d9-bf6c-76e156f56d6c', 'a85590c7-1b09-486b-8ca7-fd67f9988578', 'Gelombang Cinta', 'Gelombang-Cinta', '25000', 'publish', '4', '1692683860.png', NULL, '<p>Tanaman hias Gekombang Cinta, yang juga dikenal dengan nama ilmiahnya, Episcia cupreata, adalah tanaman yang menarik perhatian berkat keindahan dan warna-warni daun serta bunganya. Tanaman ini berasal dari Amerika Tengah dan Selatan dan sering ditemukan sebagai tanaman hias dalam ruangan. Gekombang Cinta termasuk dalam keluarga Gesneriaceae. P<span style=\"text-align: var(--bs-body-text-align);\">erawatan Gekombang Cinta umumnya tidak terlalu sulit. Tanaman ini tumbuh dengan baik di tempat yang terang namun tidak terkena sinar matahari langsung, sehingga cocok diletakkan di dalam ruangan yang mendapat cahaya cukup. Tanah yang cukup lembab dan kaya nutrisi akan membantu tanaman tumbuh subur. Penting untuk menjaga kelembaban udara di sekitar tanaman dengan cara menyemprotkan air atau meletakkan wadah air di dekatnya.</span><br></p>', '2023-08-22 05:57:40', '2025-01-01 06:44:05'),
('7b101e88-53e5-4a93-8372-7c113ae34876', 'a85590c7-1b09-486b-8ca7-fd67f9988578', 'Bonsai Nagasari', 'bonsai-nagasari', '115000', 'publish', '5', '1693123527.jpg', NULL, '<p style=\"border: 0px solid rgb(217, 217, 227); --tw-border-spacing-x: 0; --tw-border-spacing-y: 0; --tw-translate-x: 0; --tw-translate-y: 0; --tw-rotate: 0; --tw-skew-x: 0; --tw-skew-y: 0; --tw-scale-x: 1; --tw-scale-y: 1; --tw-pan-x: ; --tw-pan-y: ; --tw-pinch-zoom: ; --tw-scroll-snap-strictness: proximity; --tw-gradient-from-position: ; --tw-gradient-via-position: ; --tw-gradient-to-position: ; --tw-ordinal: ; --tw-slashed-zero: ; --tw-numeric-figure: ; --tw-numeric-spacing: ; --tw-numeric-fraction: ; --tw-ring-inset: ; --tw-ring-offset-width: 0px; --tw-ring-offset-color: #fff; --tw-ring-color: rgba(69,89,164,.5); --tw-ring-offset-shadow: 0 0 transparent; --tw-ring-shadow: 0 0 transparent; --tw-shadow: 0 0 transparent; --tw-shadow-colored: 0 0 transparent; --tw-blur: ; --tw-brightness: ; --tw-contrast: ; --tw-grayscale: ; --tw-hue-rotate: ; --tw-invert: ; --tw-saturate: ; --tw-sepia: ; --tw-drop-shadow: ; --tw-backdrop-blur: ; --tw-backdrop-brightness: ; --tw-backdrop-contrast: ; --tw-backdrop-grayscale: ; --tw-backdrop-hue-rotate: ; --tw-backdrop-invert: ; --tw-backdrop-opacity: ; --tw-backdrop-saturate: ; --tw-backdrop-sepia: ; margin-right: 0px; margin-bottom: 1.25em; margin-left: 0px;\">.Bonsai nagasari adalahk bonsai pohon konifer yang memiliki daun-daun kecil dan jarum yang tajam. Bonsai cemara ditata sedemikian rupa untuk menciptakan replika pohon alami dalam skala miniatur, dengan batang, cabang, dan akar yang serupa dengan pohon aslinya.Bonsai Nagasari biasanya memiliki penampilan yang elegan dan klasik, dengan cabang yang berbentuk simetris dan tata letak daun yang teratur. Perawatan bonsai cemara melibatkan pemangkasan rutin untuk menjaga bentuk dan proporsi yang diinginkan, serta penyiraman, pemupukan, dan pemindahan pot yang tepat.</p>', '2023-08-27 08:05:27', '2023-08-27 08:05:27'),
('7f6ae6a1-3859-47c4-b2fc-5071e7bf3cd3', 'a85590c7-1b09-486b-8ca7-fd67f9988578', 'Oksalis', 'Oksalis', '25000', 'publish', '5', '1692684786.png', NULL, '<p>Tanaman Oksalis, atau juga dikenal sebagai Shamrock Plant atau Clover Plant, adalah tanaman hias yang terkenal karena daun-daunnya yang berbentuk tiga daun mirip dengan daun semanggi (clover). Tanaman ini memiliki varietas dengan beragam warna daun, seperti hijau, merah, ungu, atau kombinasi dari berbagai warna tersebut. Oksalis sering ditanam dalam pot sebagai tanaman hias indoor atau outdoor. Meskipun menarik, perlu diingat bahwa Oksalis cenderung tidur di musim dingin dan dapat kehilangan daunnya, namun akan kembali tumbuh di musim semi.<br></p>', '2023-08-22 06:13:06', '2023-08-22 06:13:06'),
('840d4955-bda7-46d5-bca4-0926d695dc04', 'a85590c7-1b09-486b-8ca7-fd67f9988578', 'Kenanga', 'kenanga', '45000', 'publish', '5', '1693114737.jpg', NULL, '<p>Kenanga, atau yang juga dikenal dengan nama ilmiah Cananga odorata, adalah sejenis pohon yang terkenal karena bunga-bunga harum dan minyak atsiri yang diekstrak darinya. Pohon kenanga memiliki daun hijau gelap yang lebar dan bunga-bunga yang tumbuh dalam tandan-tandan. Bunga-bunga kenanga memiliki aroma yang kuat dan manis, dan mereka digunakan dalam industri parfum dan minyak wangi.<br></p>', '2023-08-27 05:38:57', '2023-08-27 05:38:57'),
('89d04d08-e477-480a-9e8d-f6091969a764', 'b44904d8-37c3-471f-97b0-b54f7edbd049', 'Ekor Naga', 'ekor-naga', '55000', 'draft', '5', '1693114658.jpg', NULL, '<p><span style=\"font-size: var(--bs-body-font-size); font-weight: var(--bs-body-font-weight); text-align: var(--bs-body-text-align);\">Ekor Naga (Dracaena marginata) adalah tanaman hias populer yang berasal dari Madagaskar. Nama \"ekor naga\" merujuk pada daun-daunnya yang panjang, sempit, dan meruncing, yang memberikan tampilan yang mirip dengan ekor naga.</span><span style=\"font-size: var(--bs-body-font-size); font-weight: var(--bs-body-font-weight); text-align: var(--bs-body-text-align);\">Ciri khas Ekor Naga adalah daun-daunnya yang menghadap ke atas dan berwarna merah, merah muda, atau ungu di pinggirannya.</span></p>', '2023-08-27 05:37:38', '2023-08-27 05:37:38'),
('8a11e898-0bed-4a81-bea4-e0ec992d5505', 'a85590c7-1b09-486b-8ca7-fd67f9988578', 'Bonsai Cemara', 'bonsai-cemara', '95000', 'publish', '5', '1693123396.jpg', NULL, '<p style=\"border: 0px solid rgb(217, 217, 227); --tw-border-spacing-x: 0; --tw-border-spacing-y: 0; --tw-translate-x: 0; --tw-translate-y: 0; --tw-rotate: 0; --tw-skew-x: 0; --tw-skew-y: 0; --tw-scale-x: 1; --tw-scale-y: 1; --tw-pan-x: ; --tw-pan-y: ; --tw-pinch-zoom: ; --tw-scroll-snap-strictness: proximity; --tw-gradient-from-position: ; --tw-gradient-via-position: ; --tw-gradient-to-position: ; --tw-ordinal: ; --tw-slashed-zero: ; --tw-numeric-figure: ; --tw-numeric-spacing: ; --tw-numeric-fraction: ; --tw-ring-inset: ; --tw-ring-offset-width: 0px; --tw-ring-offset-color: #fff; --tw-ring-color: rgba(69,89,164,.5); --tw-ring-offset-shadow: 0 0 transparent; --tw-ring-shadow: 0 0 transparent; --tw-shadow: 0 0 transparent; --tw-shadow-colored: 0 0 transparent; --tw-blur: ; --tw-brightness: ; --tw-contrast: ; --tw-grayscale: ; --tw-hue-rotate: ; --tw-invert: ; --tw-saturate: ; --tw-sepia: ; --tw-drop-shadow: ; --tw-backdrop-blur: ; --tw-backdrop-brightness: ; --tw-backdrop-contrast: ; --tw-backdrop-grayscale: ; --tw-backdrop-hue-rotate: ; --tw-backdrop-invert: ; --tw-backdrop-opacity: ; --tw-backdrop-saturate: ; --tw-backdrop-sepia: ; margin-right: 0px; margin-bottom: 1.25em; margin-left: 0px;\">Bonsai cemara adalah varian pohon cemara yang dijinakkan dan dipelihara dalam ukuran kecil melalui teknik bonsai. Cemara adalah jenis pohon konifer yang memiliki daun-daun kecil dan jarum yang tajam. Bonsai cemara ditata sedemikian rupa untuk menciptakan replika pohon alami dalam skala miniatur, dengan batang, cabang, dan akar yang serupa dengan pohon aslinya.<span style=\"font-size: var(--bs-body-font-size); font-weight: var(--bs-body-font-weight); text-align: var(--bs-body-text-align);\">Bonsai cemara biasanya memiliki penampilan yang elegan dan klasik, dengan cabang yang berbentuk simetris dan tata letak daun yang teratur. Perawatan bonsai cemara melibatkan pemangkasan rutin untuk menjaga bentuk dan proporsi yang diinginkan, serta penyiraman, pemupukan, dan pemindahan pot yang tepat.</span></p>', '2023-08-27 08:03:16', '2023-08-27 08:03:16'),
('8b3e783a-b9bc-47bf-9f35-c4a213095524', 'b44904d8-37c3-471f-97b0-b54f7edbd049', 'Aglaonema', 'aglaonema', '55000', 'publish', '5', '1693114121.jpg', NULL, '<p>Aglaonema adalah tanaman hias daun yang populer karena daunnya yang indah dan variasi warna yang menarik. Tanaman ini berasal dari daerah tropis Asia Tenggara dan dikenal dengan nama \"Chinese Evergreen.\" Aglaonema memiliki berbagai varietas dengan bentuk dan warna daun yang berbeda-beda, membuatnya menjadi pilihan populer untuk dekorasi dalam ruangan.<br></p>', '2023-08-27 05:28:41', '2023-08-27 05:28:41'),
('91e71266-4bc2-4ddb-b2b1-70be6c95621d', 'b44904d8-37c3-471f-97b0-b54f7edbd049', 'Anggrek Kelip', 'anggrek-kelip', '65000', 'draft', '10', '1693158314.jpg', NULL, '<p><span style=\"color: rgb(58, 58, 58); font-family: -apple-system, system-ui, BlinkMacSystemFont, &quot;Segoe UI&quot;, Helvetica, Arial, sans-serif, &quot;Apple Color Emoji&quot;, &quot;Segoe UI Emoji&quot;, &quot;Segoe UI Symbol&quot;; font-size: 17px; text-align: justify;\">Anggrek kelip merupakan tanaman epifit (menumpang pada tumbuhan lain sebagai tempat hidupnya) tumbuh ditempat hangat. Anggrek jenis ini mempunyai jenis daun elip, agak bergelombang dan menyempit dibagian bawahnya. Bunga muncul satu persatu pada bagian tangkai bunga dengan tangkai bunga pendek dan pipih panjang mencapai 10-25 cm. Bunga ini mampu mekar hingga 4 minggu, selanjutnya akan mekar dari tangkai bunga yang sama dan berulang hingga 2-7 kali.</span><br style=\"color: rgb(58, 58, 58); font-family: -apple-system, system-ui, BlinkMacSystemFont, &quot;Segoe UI&quot;, Helvetica, Arial, sans-serif, &quot;Apple Color Emoji&quot;, &quot;Segoe UI Emoji&quot;, &quot;Segoe UI Symbol&quot;; font-size: 17px; text-align: justify;\"><span style=\"color: rgb(58, 58, 58); font-family: -apple-system, system-ui, BlinkMacSystemFont, &quot;Segoe UI&quot;, Helvetica, Arial, sans-serif, &quot;Apple Color Emoji&quot;, &quot;Segoe UI Emoji&quot;, &quot;Segoe UI Symbol&quot;; font-size: 17px; text-align: justify;\">Warna khas dari jenis anggrek ini adalah Violet namun terdapat varietas lainnya berwarna kebiruan. Bunga yang mekar akan mengeluarkan aroma wangi khas, wangi bunga ini dapat tercium hingga radius beberapa meter.</span><br></p>', '2023-08-27 17:45:14', '2023-08-27 17:45:14'),
('97d7c9fc-ff59-4289-9bf9-3bc78aa4c2a1', 'b44904d8-37c3-471f-97b0-b54f7edbd049', 'Aglonema Siam Aurora', 'aglonema-siam-aurora', '85000', 'publish', '10', '1693161908.jpg', NULL, '<p style=\"border: 0px solid rgb(217, 217, 227); --tw-border-spacing-x: 0; --tw-border-spacing-y: 0; --tw-translate-x: 0; --tw-translate-y: 0; --tw-rotate: 0; --tw-skew-x: 0; --tw-skew-y: 0; --tw-scale-x: 1; --tw-scale-y: 1; --tw-pan-x: ; --tw-pan-y: ; --tw-pinch-zoom: ; --tw-scroll-snap-strictness: proximity; --tw-gradient-from-position: ; --tw-gradient-via-position: ; --tw-gradient-to-position: ; --tw-ordinal: ; --tw-slashed-zero: ; --tw-numeric-figure: ; --tw-numeric-spacing: ; --tw-numeric-fraction: ; --tw-ring-inset: ; --tw-ring-offset-width: 0px; --tw-ring-offset-color: #fff; --tw-ring-color: rgba(69,89,164,.5); --tw-ring-offset-shadow: 0 0 transparent; --tw-ring-shadow: 0 0 transparent; --tw-shadow: 0 0 transparent; --tw-shadow-colored: 0 0 transparent; --tw-blur: ; --tw-brightness: ; --tw-contrast: ; --tw-grayscale: ; --tw-hue-rotate: ; --tw-invert: ; --tw-saturate: ; --tw-sepia: ; --tw-drop-shadow: ; --tw-backdrop-blur: ; --tw-backdrop-brightness: ; --tw-backdrop-contrast: ; --tw-backdrop-grayscale: ; --tw-backdrop-hue-rotate: ; --tw-backdrop-invert: ; --tw-backdrop-opacity: ; --tw-backdrop-saturate: ; --tw-backdrop-sepia: ; margin-right: 0px; margin-bottom: 1.25em; margin-left: 0px;\">Aglaonema \'Siam Aurora\' adalah varietas populer dari tanaman hias Aglaonema, yang dikenal karena daun-daunnya yang indah dengan pola variegata. Aglaonema adalah tanaman hias yang tahan teduh yang sering ditanam di dalam ruangan karena kemampuannya untuk bertahan dalam kondisi cahaya rendah.<span style=\"font-size: var(--bs-body-font-size); font-weight: var(--bs-body-font-weight); text-align: var(--bs-body-text-align);\">Ciri khas dari Aglaonema \'Siam Aurora\' adalah daun-daunnya yang besar, berbentuk oval, dan memiliki pola variegata yang mencakup kombinasi warna merah muda, hijau, dan putih. Warna-warni ini menciptakan tampilan yang menarik dan cocok sebagai tanaman hias indoor.</span></p>', '2023-08-27 18:45:08', '2023-08-27 18:45:08'),
('a4d877fc-31aa-4553-8c63-fdd697c3e921', 'b44904d8-37c3-471f-97b0-b54f7edbd049', 'Anthurium', 'Anthurium', '55000', 'publish', '5', '1693057179.png', NULL, '<p>Anthurium adalah tanaman hias populer yang dikenal karena bunganya yang mencolok dan daun-daun berkilau. Tanaman ini berasal dari daerah tropis Amerika Tengah dan Selatan. Anthurium dikenal dalam berbagai varietas dengan bunga dan daun yang beragam bentuk dan warna.<br></p>', '2023-08-26 13:39:39', '2023-08-26 13:39:39'),
('aa36aee9-e302-4e13-a237-ea7f85301240', 'b44904d8-37c3-471f-97b0-b54f7edbd049', 'Ketapang', 'Ketapang', '55000', 'publish', '5', '1693056812.png', NULL, '<p>Ketapang adalah nama tanaman pohon yang berasal dari daerah tropis di Asia dan Oseania. Pohon ini terkenal karena daun-daunnya yang besar, lebar, dan berwarna hijau gelap. Daun-daun ketapang sering digunakan dalam akuarium karena memiliki sifat antimikroba dan dapat membantu menjaga kualitas air<br></p>', '2023-08-26 13:33:32', '2023-08-26 13:33:32'),
('aa8742b1-1725-4bb1-a620-0a780a67d10b', 'a85590c7-1b09-486b-8ca7-fd67f9988578', 'Dolar Hias Climbing', 'dolar-hias-climbing', '85000', 'publish', '5', '1693115723.jpg', NULL, '<p>Dolar Hias Climbing\" mungkin mengacu pada tanaman hias yang juga dikenal sebagai \"Dolar\" (Plectranthus verticillatus atau Solenostemon scutellarioides). Ini adalah tanaman merambat yang populer untuk dekorasi indoor maupun outdoor. \"Climbing\" dalam namanya menunjukkan bahwa tanaman ini memiliki kecenderungan merambat atau menjalar.<br></p>', '2023-08-27 05:55:23', '2023-08-27 05:55:23'),
('aced7dab-936e-4d55-a08e-e08ae5e7ad34', 'a85590c7-1b09-486b-8ca7-fd67f9988578', 'Begonia Kuping Gajah', 'begonia-kuping-gajah', '65000', 'publish', '5', '1693115189.jpg', NULL, '<p style=\"border: 0px solid rgb(217, 217, 227); --tw-border-spacing-x: 0; --tw-border-spacing-y: 0; --tw-translate-x: 0; --tw-translate-y: 0; --tw-rotate: 0; --tw-skew-x: 0; --tw-skew-y: 0; --tw-scale-x: 1; --tw-scale-y: 1; --tw-pan-x: ; --tw-pan-y: ; --tw-pinch-zoom: ; --tw-scroll-snap-strictness: proximity; --tw-gradient-from-position: ; --tw-gradient-via-position: ; --tw-gradient-to-position: ; --tw-ordinal: ; --tw-slashed-zero: ; --tw-numeric-figure: ; --tw-numeric-spacing: ; --tw-numeric-fraction: ; --tw-ring-inset: ; --tw-ring-offset-width: 0px; --tw-ring-offset-color: #fff; --tw-ring-color: rgba(69,89,164,.5); --tw-ring-offset-shadow: 0 0 transparent; --tw-ring-shadow: 0 0 transparent; --tw-shadow: 0 0 transparent; --tw-shadow-colored: 0 0 transparent; --tw-blur: ; --tw-brightness: ; --tw-contrast: ; --tw-grayscale: ; --tw-hue-rotate: ; --tw-invert: ; --tw-saturate: ; --tw-sepia: ; --tw-drop-shadow: ; --tw-backdrop-blur: ; --tw-backdrop-brightness: ; --tw-backdrop-contrast: ; --tw-backdrop-grayscale: ; --tw-backdrop-hue-rotate: ; --tw-backdrop-invert: ; --tw-backdrop-opacity: ; --tw-backdrop-saturate: ; --tw-backdrop-sepia: ; margin-right: 0px; margin-bottom: 1.25em; margin-left: 0px;\">Begonia Kuping Gajah (Begonia rex), juga dikenal sebagai \"Rex Begonia,\" adalah jenis tanaman begonia hias yang sangat terkenal karena daun-daunnya yang indah dan bermacam-macam warna serta pola. Tanaman ini berasal dari hutan hujan tropis Asia Tenggara dan populer sebagai tanaman hias indoor.</p><p style=\"border: 0px solid rgb(217, 217, 227); --tw-border-spacing-x: 0; --tw-border-spacing-y: 0; --tw-translate-x: 0; --tw-translate-y: 0; --tw-rotate: 0; --tw-skew-x: 0; --tw-skew-y: 0; --tw-scale-x: 1; --tw-scale-y: 1; --tw-pan-x: ; --tw-pan-y: ; --tw-pinch-zoom: ; --tw-scroll-snap-strictness: proximity; --tw-gradient-from-position: ; --tw-gradient-via-position: ; --tw-gradient-to-position: ; --tw-ordinal: ; --tw-slashed-zero: ; --tw-numeric-figure: ; --tw-numeric-spacing: ; --tw-numeric-fraction: ; --tw-ring-inset: ; --tw-ring-offset-width: 0px; --tw-ring-offset-color: #fff; --tw-ring-color: rgba(69,89,164,.5); --tw-ring-offset-shadow: 0 0 transparent; --tw-ring-shadow: 0 0 transparent; --tw-shadow: 0 0 transparent; --tw-shadow-colored: 0 0 transparent; --tw-blur: ; --tw-brightness: ; --tw-contrast: ; --tw-grayscale: ; --tw-hue-rotate: ; --tw-invert: ; --tw-saturate: ; --tw-sepia: ; --tw-drop-shadow: ; --tw-backdrop-blur: ; --tw-backdrop-brightness: ; --tw-backdrop-contrast: ; --tw-backdrop-grayscale: ; --tw-backdrop-hue-rotate: ; --tw-backdrop-invert: ; --tw-backdrop-opacity: ; --tw-backdrop-saturate: ; --tw-backdrop-sepia: ; margin: 1.25em 0px;\">Ciri khas dari Begonia Kuping Gajah adalah daun-daunnya yang besar, lebar, dan berbentuk unik seperti daun kuping gajah. Daun-daun ini biasanya memiliki warna yang mencolok, seperti hijau, merah, ungu, perak, dan kombinasi dari warna-warna tersebut. Pola-pola daun yang bervariasi termasuk bintik-bintik, garis-garis, atau corak</p>', '2023-08-27 05:46:29', '2023-08-27 05:46:29'),
('ae4ec3b7-2c4d-4b40-8b18-bcb4f1720b91', 'b44904d8-37c3-471f-97b0-b54f7edbd049', 'Maranta Batik', 'maranta-batik', '88000', 'publish', '10', '1693161676.jpg', NULL, '<p style=\"border: 0px solid rgb(217, 217, 227); --tw-border-spacing-x: 0; --tw-border-spacing-y: 0; --tw-translate-x: 0; --tw-translate-y: 0; --tw-rotate: 0; --tw-skew-x: 0; --tw-skew-y: 0; --tw-scale-x: 1; --tw-scale-y: 1; --tw-pan-x: ; --tw-pan-y: ; --tw-pinch-zoom: ; --tw-scroll-snap-strictness: proximity; --tw-gradient-from-position: ; --tw-gradient-via-position: ; --tw-gradient-to-position: ; --tw-ordinal: ; --tw-slashed-zero: ; --tw-numeric-figure: ; --tw-numeric-spacing: ; --tw-numeric-fraction: ; --tw-ring-inset: ; --tw-ring-offset-width: 0px; --tw-ring-offset-color: #fff; --tw-ring-color: rgba(69,89,164,.5); --tw-ring-offset-shadow: 0 0 transparent; --tw-ring-shadow: 0 0 transparent; --tw-shadow: 0 0 transparent; --tw-shadow-colored: 0 0 transparent; --tw-blur: ; --tw-brightness: ; --tw-contrast: ; --tw-grayscale: ; --tw-hue-rotate: ; --tw-invert: ; --tw-saturate: ; --tw-sepia: ; --tw-drop-shadow: ; --tw-backdrop-blur: ; --tw-backdrop-brightness: ; --tw-backdrop-contrast: ; --tw-backdrop-grayscale: ; --tw-backdrop-hue-rotate: ; --tw-backdrop-invert: ; --tw-backdrop-opacity: ; --tw-backdrop-saturate: ; --tw-backdrop-sepia: ; margin-right: 0px; margin-bottom: 1.25em; margin-left: 0px;\">Maranta Batik, juga dikenal sebagai Maranta leuconeura \'Marisela\', adalah varietas tanaman hias Maranta yang memiliki daun yang indah dan bercorak menarik seperti batik. Maranta adalah tanaman hias yang populer karena daun-daunnya yang berwarna-warni dan memiliki pola-pola yang unik.&nbsp;<span style=\"font-size: var(--bs-body-font-size); font-weight: var(--bs-body-font-weight); text-align: var(--bs-body-text-align);\">Ciri khas dari Maranta Batik adalah daun-daunnya yang berbentuk oval dengan pola seperti batik berwarna hijau gelap atau hijau tua dengan garis-garis berwarna putih atau merah muda. Selain coraknya yang menarik, karakteristik unik Maranta adalah pergerakan daunnya yang dapat melipat saat malam hari (nyctinasty) dan kembali terbuka saat pagi hari.</span></p>', '2023-08-27 18:41:16', '2023-08-27 18:41:16'),
('c4d6237d-5bdf-4f0d-81d8-c970d5a2b5b6', 'a85590c7-1b09-486b-8ca7-fd67f9988578', 'Alocasia', 'Alocasia', '25000', 'publish', '5', '1692684180.png', NULL, '<p>Alocasia adalah kelompok tanaman hias yang populer karena daun-daunnya yang besar, indah, dan beraneka ragam bentuk serta pola. Tanaman ini termasuk dalam keluarga Araceae dan berasal dari daerah tropis di Asia Tenggara. Beberapa varietas Alocasia memiliki penampilan yang cukup dramatis, menjadikannya pilihan yang menarik untuk ditanam dalam pot di dalam ruangan atau sebagai elemen dekoratif dalam taman.<br></p>', '2023-08-22 06:03:00', '2023-08-22 06:03:00'),
('c53aeaf8-ad78-47ed-82a8-6cbf2750a707', 'b44904d8-37c3-471f-97b0-b54f7edbd049', 'Anggrek Kolopaking', 'anggrek-kolopaking', '95000', 'publish', '10', '1693160382.jpg', NULL, '<p><span style=\"color: rgb(58, 58, 58); font-family: -apple-system, system-ui, BlinkMacSystemFont, &quot;Segoe UI&quot;, Helvetica, Arial, sans-serif, &quot;Apple Color Emoji&quot;, &quot;Segoe UI Emoji&quot;, &quot;Segoe UI Symbol&quot;; font-size: 17px; text-align: justify;\">Anggrek kantung kolopaking dengan nama latin&nbsp;</span><em style=\"border: 0px; margin: 0px; padding: 0px; color: rgb(58, 58, 58); font-family: -apple-system, system-ui, BlinkMacSystemFont, &quot;Segoe UI&quot;, Helvetica, Arial, sans-serif, &quot;Apple Color Emoji&quot;, &quot;Segoe UI Emoji&quot;, &quot;Segoe UI Symbol&quot;; font-size: 17px; text-align: justify;\">Paphinopedilum kolopakingii</em><span style=\"color: rgb(58, 58, 58); font-family: -apple-system, system-ui, BlinkMacSystemFont, &quot;Segoe UI&quot;, Helvetica, Arial, sans-serif, &quot;Apple Color Emoji&quot;, &quot;Segoe UI Emoji&quot;, &quot;Segoe UI Symbol&quot;; font-size: 17px; text-align: justify;\">&nbsp;merupakan salah satu jenis anggrek endemik dari Kalimantan tengah yang sudah sangat langka.Anggrek ini biasanya hidup didaerah bebatuan berlumut. Denagn ciri-ciri bunga berwarna hijau tuadan berbentuk pita bulat dengan panjang sekitar 20 sampai 80 cm.</span><br></p>', '2023-08-27 18:19:42', '2023-08-27 18:19:42'),
('cc53ff49-7662-42c1-8eb6-19c6d284de42', 'b44904d8-37c3-471f-97b0-b54f7edbd049', 'Begonia Putih', 'begonia-putih', '55000', 'publish', '5', '1693113750.jpg', NULL, '<p>Begonia putih adalah varietas begonia yang memiliki bunga berwarna putih atau nuansa krim. Bunga begonia putih menciptakan tampilan yang elegan dan bersih, sering kali dihiasi dengan sentuhan lembut dari warna lain seperti kuning muda atau hijau pucat di tengah bunga. Kombinasi warna ini memberikan kesan yang anggun dan menarik, membuat begonia putih menjadi pilihan yang populer dalam taman atau sebagai tanaman pot hias di dalam ruangan.<br></p>', '2023-08-27 05:22:30', '2023-08-27 05:22:30'),
('ceaf6633-bb6c-4b90-9b2a-ed21346421e1', 'b44904d8-37c3-471f-97b0-b54f7edbd049', 'Cocor bebek', 'Cocor-bebek', '25000', 'publish', '5', '1693057142.png', NULL, '<p>\"Cocor Bebek\" adalah sebutan untuk tanaman hias yang dikenal sebagai Zamioculcas zamiifolia atau dikenal juga sebagai ZZ plant. Tanaman ini sangat populer karena tahan terhadap kondisi lingkungan yang tidak ideal dan perawatan yang minim. Cocor Bebek memiliki daun-daun yang tebal, mengkilap, dan berwarna gelap, serta pertumbuhannya yang lambat<br></p>', '2023-08-26 13:39:02', '2023-08-26 13:39:02'),
('d18bde88-7c17-47d8-8cbc-595e57f3fda6', 'b44904d8-37c3-471f-97b0-b54f7edbd049', 'Kastuba Merah', 'kastuba-merah', '45000', 'publish', '5', '1693114235.jpg', NULL, '<p>Kastuba merah, juga dikenal sebagai \"Kastuba merah\" atau \"Moreton Bay Chestnut\" dalam bahasa Inggris (Castanospermum australe), adalah pohon asli Australia dengan biji yang besar dan cangkupan hijau yang subur. Pohon ini memiliki daun hijau tua yang lebar dan bunga berbentuk kelopak. Biji-biji Kastuba memiliki ukuran yang besar dan memiliki rasa yang enak, namun juga mengandung racun dan memerlukan pengolahan khusus sebelum dapat dikonsumsi. Kastuba merah tumbuh di daerah hutan tropis dan lembap, dan memiliki nilai ekologi dan estetika dalam lingkungan alaminya.<br></p>', '2023-08-27 05:30:35', '2023-08-27 05:30:35'),
('d466ea0f-03e8-413c-986a-7ef5e5df6164', 'b44904d8-37c3-471f-97b0-b54f7edbd049', 'Anggrek Larat', 'anggrek-larat', '105000', 'publish', '10', '1693160421.jpg', NULL, '<p><span style=\"color: rgb(58, 58, 58); font-family: -apple-system, system-ui, BlinkMacSystemFont, &quot;Segoe UI&quot;, Helvetica, Arial, sans-serif, &quot;Apple Color Emoji&quot;, &quot;Segoe UI Emoji&quot;, &quot;Segoe UI Symbol&quot;; font-size: 17px; text-align: justify;\">Anggrek larat menjadi dalah satu dari Anggrek Langka dari Maluku. Anggrek ini ditetapkan sebagai flora identitas provinsi Maluku. Jenis ini mempunyai batang berbentuk gada dengan pangkal berukuran kecil, bagian tengah membesar dan ujungnya mengecil kembali, dengan bentuk daun lanset dengan ujung tidak simetris. Bunga anggrek larat ini berwarna keunguan hingga ungu tua. Tersusun dalam tandan yang tumbuh pada batangnya.</span><br></p>', '2023-08-27 18:20:21', '2023-08-27 18:20:21'),
('d4a08d95-22fa-4091-a046-be81a3cd30c7', 'b44904d8-37c3-471f-97b0-b54f7edbd049', 'Draceana', 'Draceana', '45000', 'publish', '5', '1693055469.png', NULL, '<p>Dracaena adalah kelompok tanaman hias yang beragam, dengan berbagai varietas dan spesies yang memiliki penampilan dan karakteristik yang unik. Tanaman ini umumnya ditanam di dalam ruangan dan merupakan pilihan populer bagi mereka yang ingin menambahkan unsur hijau dan dekoratif dalam interior rumah atau kantor<br></p>', '2023-08-26 13:11:09', '2023-08-26 13:11:09'),
('dde36b02-5c18-4eff-86dc-ee4e47c56845', 'a85590c7-1b09-486b-8ca7-fd67f9988578', 'Pucuk Merah', 'pucuk-merah', '45000', 'publish', '5', '1693115622.jpg', NULL, '<p>Puncak Merah\" mungkin merujuk pada berbagai hal tergantung pada konteksnya. Ini bisa menjadi nama tempat, nama tanaman, atau istilah lain yang memiliki makna khusus. Tanpa informasi tambahan, saya tidak dapat memberikan informasi yang akurat mengenai apa yang dimaksud dengan \"Puncak Merah.\" Jika Anda dapat memberikan lebih banyak konteks atau informasi tentang apa yang Anda cari, saya akan dengan senang hati membantu.<br></p>', '2023-08-27 05:53:42', '2023-08-27 05:53:42'),
('e3a43b8b-4bd7-498a-a596-35eebd3419a6', 'a85590c7-1b09-486b-8ca7-fd67f9988578', 'Lili Paris', 'Lili-Paris', '25000', 'publish', '5', '1692684666.png', NULL, '<p>Lili Paris, atau juga dikenal dengan nama Lilium parisienne, adalah jenis lili yang memiliki bunga-bunga berwarna putih atau krim dengan mahkota bunga yang khas dan mekar. Bunga-bunga ini memiliki aroma yang harum dan tampil cantik sebagai elemen dekoratif di taman atau dalam rangkaian bunga potong. Tanaman ini umumnya memiliki batang yang tegak dan daun-daun hijau yang tumbuh di bagian bawah batang. Lili Paris umumnya tumbuh dengan baik di tempat yang mendapatkan cahaya matahari parsial hingga penuh dan tanah yang memiliki drainase yang baik.<br></p>', '2023-08-22 06:11:06', '2023-08-22 06:11:06'),
('e56f9724-8615-4fdb-9846-847d29c9ddd8', 'a85590c7-1b09-486b-8ca7-fd67f9988578', 'Kadaka', 'Kadaka', '30000', 'publish', '5', '1692684399.png', NULL, '<p>Kadaka, atau juga dikenal dengan nama Gajah Tunggal, adalah tanaman hias yang memiliki daun-daun besar dan menarik dengan bentuk seperti hati atau lanset, tergantung pada varietasnya. Daun-daunnya memiliki warna hijau tua yang indah dengan permukaan yang mengkilap. Kadaka sering ditanam sebagai tanaman hias dalam pot di dalam ruangan atau sebagai elemen dekoratif di taman. Meskipun memukau, perawatannya memerlukan perhatian khusus terkait cahaya, kelembaban, dan drainase yang baik.<br></p>', '2023-08-22 06:06:39', '2023-08-22 06:06:39'),
('e9edefaf-10b7-4a43-9c79-5e1b0125c5e5', 'a85590c7-1b09-486b-8ca7-fd67f9988578', 'Begonia Million Kisses', 'begonia-million-kisses', '85000', 'publish', '5', '1693115414.jpg', NULL, '<p style=\"border: 0px solid rgb(217, 217, 227); --tw-border-spacing-x: 0; --tw-border-spacing-y: 0; --tw-translate-x: 0; --tw-translate-y: 0; --tw-rotate: 0; --tw-skew-x: 0; --tw-skew-y: 0; --tw-scale-x: 1; --tw-scale-y: 1; --tw-pan-x: ; --tw-pan-y: ; --tw-pinch-zoom: ; --tw-scroll-snap-strictness: proximity; --tw-gradient-from-position: ; --tw-gradient-via-position: ; --tw-gradient-to-position: ; --tw-ordinal: ; --tw-slashed-zero: ; --tw-numeric-figure: ; --tw-numeric-spacing: ; --tw-numeric-fraction: ; --tw-ring-inset: ; --tw-ring-offset-width: 0px; --tw-ring-offset-color: #fff; --tw-ring-color: rgba(69,89,164,.5); --tw-ring-offset-shadow: 0 0 transparent; --tw-ring-shadow: 0 0 transparent; --tw-shadow: 0 0 transparent; --tw-shadow-colored: 0 0 transparent; --tw-blur: ; --tw-brightness: ; --tw-contrast: ; --tw-grayscale: ; --tw-hue-rotate: ; --tw-invert: ; --tw-saturate: ; --tw-sepia: ; --tw-drop-shadow: ; --tw-backdrop-blur: ; --tw-backdrop-brightness: ; --tw-backdrop-contrast: ; --tw-backdrop-grayscale: ; --tw-backdrop-hue-rotate: ; --tw-backdrop-invert: ; --tw-backdrop-opacity: ; --tw-backdrop-saturate: ; --tw-backdrop-sepia: ; margin-right: 0px; margin-bottom: 1.25em; margin-left: 0px;\">Begonia \"Million Kisses\" adalah kelompok varietas Begonia yang terkenal karena pertumbuhan merambatnya dan produksi bunga yang melimpah. Varian ini sering ditanam dalam pot, keranjang gantung, atau sebagai penutup tanah. Begonia \"Million Kisses\" memiliki banyak varietas yang menghasilkan bunga berwarna-warni dan daun yang menarik.</p><p style=\"border: 0px solid rgb(217, 217, 227); --tw-border-spacing-x: 0; --tw-border-spacing-y: 0; --tw-translate-x: 0; --tw-translate-y: 0; --tw-rotate: 0; --tw-skew-x: 0; --tw-skew-y: 0; --tw-scale-x: 1; --tw-scale-y: 1; --tw-pan-x: ; --tw-pan-y: ; --tw-pinch-zoom: ; --tw-scroll-snap-strictness: proximity; --tw-gradient-from-position: ; --tw-gradient-via-position: ; --tw-gradient-to-position: ; --tw-ordinal: ; --tw-slashed-zero: ; --tw-numeric-figure: ; --tw-numeric-spacing: ; --tw-numeric-fraction: ; --tw-ring-inset: ; --tw-ring-offset-width: 0px; --tw-ring-offset-color: #fff; --tw-ring-color: rgba(69,89,164,.5); --tw-ring-offset-shadow: 0 0 transparent; --tw-ring-shadow: 0 0 transparent; --tw-shadow: 0 0 transparent; --tw-shadow-colored: 0 0 transparent; --tw-blur: ; --tw-brightness: ; --tw-contrast: ; --tw-grayscale: ; --tw-hue-rotate: ; --tw-invert: ; --tw-saturate: ; --tw-sepia: ; --tw-drop-shadow: ; --tw-backdrop-blur: ; --tw-backdrop-brightness: ; --tw-backdrop-contrast: ; --tw-backdrop-grayscale: ; --tw-backdrop-hue-rotate: ; --tw-backdrop-invert: ; --tw-backdrop-opacity: ; --tw-backdrop-saturate: ; --tw-backdrop-sepia: ; margin: 1.25em 0px;\">Ciri khas Begonia \"Million Kisses\" adalah pertumbuhannya yang merambat dan menjalar, membuatnya cocok untuk dijadikan tanaman gantung. Bunga-bunga kecil yang melimpah dan sering bermekaran sepanjang musim panas memberikan tampilan yang ceria dan berwarna-warni.</p>', '2023-08-27 05:50:14', '2023-08-27 05:50:14'),
('ec97f1fe-efb2-4a74-8a0b-82a58b14e204', 'a85590c7-1b09-486b-8ca7-fd67f9988578', 'Schefflera arboricol', 'schefflera-arboricol', '5', 'publish', '5', '1693115073.jpg', NULL, '<p>Schefflera arboricola, juga dikenal dengan nama \"Dwarf Umbrella Tree\" atau \"Schefflera,\" adalah tanaman hias populer yang berasal dari Asia Tenggara dan Pasifik. Tanaman ini terkenal karena daun-daunnya yang indah dan menjuntai, serta bentuk daun yang mirip payung.<br></p>', '2023-08-27 05:44:33', '2023-08-27 05:44:33'),
('ed3a5725-5be3-4680-a1c7-92ecc20b5b0b', 'b44904d8-37c3-471f-97b0-b54f7edbd049', 'Aglonema Kochin', 'aglonema-kochin-2', '45000', 'publish', '10', '1693162446.jpg', NULL, '<p style=\"border: 0px solid rgb(217, 217, 227); --tw-border-spacing-x: 0; --tw-border-spacing-y: 0; --tw-translate-x: 0; --tw-translate-y: 0; --tw-rotate: 0; --tw-skew-x: 0; --tw-skew-y: 0; --tw-scale-x: 1; --tw-scale-y: 1; --tw-pan-x: ; --tw-pan-y: ; --tw-pinch-zoom: ; --tw-scroll-snap-strictness: proximity; --tw-gradient-from-position: ; --tw-gradient-via-position: ; --tw-gradient-to-position: ; --tw-ordinal: ; --tw-slashed-zero: ; --tw-numeric-figure: ; --tw-numeric-spacing: ; --tw-numeric-fraction: ; --tw-ring-inset: ; --tw-ring-offset-width: 0px; --tw-ring-offset-color: #fff; --tw-ring-color: rgba(69,89,164,.5); --tw-ring-offset-shadow: 0 0 transparent; --tw-ring-shadow: 0 0 transparent; --tw-shadow: 0 0 transparent; --tw-shadow-colored: 0 0 transparent; --tw-blur: ; --tw-brightness: ; --tw-contrast: ; --tw-grayscale: ; --tw-hue-rotate: ; --tw-invert: ; --tw-saturate: ; --tw-sepia: ; --tw-drop-shadow: ; --tw-backdrop-blur: ; --tw-backdrop-brightness: ; --tw-backdrop-contrast: ; --tw-backdrop-grayscale: ; --tw-backdrop-hue-rotate: ; --tw-backdrop-invert: ; --tw-backdrop-opacity: ; --tw-backdrop-saturate: ; --tw-backdrop-sepia: ; margin-right: 0px; margin-bottom: 1.25em; margin-left: 0px;\">Aglonema \'Kochin\' adalah salah satu varietas tanaman hias Aglaonema yang dikenal karena daun-daunnya yang indah dengan pola variegata yang menarik. Aglaonema adalah tanaman hias populer yang sering ditanam di dalam ruangan karena kemampuannya untuk bertahan dalam kondisi cahaya rendah.</p><p style=\"border: 0px solid rgb(217, 217, 227); --tw-border-spacing-x: 0; --tw-border-spacing-y: 0; --tw-translate-x: 0; --tw-translate-y: 0; --tw-rotate: 0; --tw-skew-x: 0; --tw-skew-y: 0; --tw-scale-x: 1; --tw-scale-y: 1; --tw-pan-x: ; --tw-pan-y: ; --tw-pinch-zoom: ; --tw-scroll-snap-strictness: proximity; --tw-gradient-from-position: ; --tw-gradient-via-position: ; --tw-gradient-to-position: ; --tw-ordinal: ; --tw-slashed-zero: ; --tw-numeric-figure: ; --tw-numeric-spacing: ; --tw-numeric-fraction: ; --tw-ring-inset: ; --tw-ring-offset-width: 0px; --tw-ring-offset-color: #fff; --tw-ring-color: rgba(69,89,164,.5); --tw-ring-offset-shadow: 0 0 transparent; --tw-ring-shadow: 0 0 transparent; --tw-shadow: 0 0 transparent; --tw-shadow-colored: 0 0 transparent; --tw-blur: ; --tw-brightness: ; --tw-contrast: ; --tw-grayscale: ; --tw-hue-rotate: ; --tw-invert: ; --tw-saturate: ; --tw-sepia: ; --tw-drop-shadow: ; --tw-backdrop-blur: ; --tw-backdrop-brightness: ; --tw-backdrop-contrast: ; --tw-backdrop-grayscale: ; --tw-backdrop-hue-rotate: ; --tw-backdrop-invert: ; --tw-backdrop-opacity: ; --tw-backdrop-saturate: ; --tw-backdrop-sepia: ; margin: 1.25em 0px;\">Ciri khas dari Aglaonema \'Kochin\' adalah daun-daunnya yang lebar, berbentuk oval atau lancip, dan memiliki pola variegata yang mencakup kombinasi warna putih atau krem dengan tepi hijau gelap atau warna-warni lainnya. Pola ini menciptakan tampilan yang menarik dan kontras.</p>', '2023-08-27 18:54:06', '2023-08-27 18:54:06');
INSERT INTO `products` (`id`, `tani_id`, `title`, `slug`, `harga`, `status`, `stock`, `image`, `video`, `body`, `created_at`, `updated_at`) VALUES
('f0c135b4-e67f-4233-b859-a712c6c3f8b9', 'b44904d8-37c3-471f-97b0-b54f7edbd049', 'Kastuba', 'kastuba', '55000', 'publish', '5', '1693114070.jpg', NULL, '<p>Kastuba, juga dikenal sebagai Castanospermum australe, adalah sejenis pohon asli Australia yang memiliki daun lebar dan bunga-bunga berbentuk kupu-kupu yang indah. Pohon ini dikenal dengan biji-bijinya yang besar dan keras yang disebut \"Moreton Bay Chestnuts\". Biji ini memiliki kandungan racun dan harus diolah dengan hati-hati sebelum dapat dimakan. Kastuba umumnya tumbuh di daerah lembab dan hutan di wilayah timur dan utara Australia. Tanaman ini memiliki nilai estetika dan ekologis yang signifikan dalam habitat aslinya.<br></p>', '2023-08-27 05:27:50', '2023-08-27 05:27:50'),
('f0ff8493-bb2b-4882-a7ab-dc616e4cdb54', 'b44904d8-37c3-471f-97b0-b54f7edbd049', 'Aglonema Kochin', 'aglonema-kochin', '85000', 'publish', '10', '1693160873.jpg', NULL, '<p style=\"margin-right: 0px; margin-bottom: 20px; margin-left: 0px; padding: 0px;\">Ciri dari tanaman ini sebenarnya sama dengan tanaman&nbsp;Aglaonema&nbsp;spesies lainnya. Hal yang membedakan adalah dari warnanya. Begitu pula dengan&nbsp;Aglaonema&nbsp;‘Kochin’&nbsp;yang juga memiliki beberapa spesies lain. Sebagian besar, tanaman ini memiliki daun yang berwarna merah dengan memiliki bercak hijau putih pada bagian tengahnya.<span style=\"text-align: var(--bs-body-text-align);\">Warna merah ini yang membuat&nbsp;Aglaonema&nbsp;‘Kochin’&nbsp;sangat dicari oleh para pecinta tanaman hias. Pada bagian batangnya pun juga memiliki warna kemerahan. Tanaman hias ini masih tergolong ke dalam&nbsp;</span><span style=\"text-align: var(--bs-body-text-align);\">family&nbsp;talas-talasan atau&nbsp;Aracaeae&nbsp;dan berkerabat dekat dengan&nbsp;Spathiphyllum&nbsp;serta&nbsp;Philodendron</span><span style=\"text-align: var(--bs-body-text-align);\">.</span></p>', '2023-08-27 18:27:53', '2023-08-27 18:27:53'),
('f6749aa0-ed8f-4b39-8e03-57dacceb8f7d', 'b44904d8-37c3-471f-97b0-b54f7edbd049', 'Aglonema Butterfly', 'aglonema-butterfly', '55000', 'publish', '10', '1693162002.jpg', NULL, '<p style=\"border: 0px solid rgb(217, 217, 227); --tw-border-spacing-x: 0; --tw-border-spacing-y: 0; --tw-translate-x: 0; --tw-translate-y: 0; --tw-rotate: 0; --tw-skew-x: 0; --tw-skew-y: 0; --tw-scale-x: 1; --tw-scale-y: 1; --tw-pan-x: ; --tw-pan-y: ; --tw-pinch-zoom: ; --tw-scroll-snap-strictness: proximity; --tw-gradient-from-position: ; --tw-gradient-via-position: ; --tw-gradient-to-position: ; --tw-ordinal: ; --tw-slashed-zero: ; --tw-numeric-figure: ; --tw-numeric-spacing: ; --tw-numeric-fraction: ; --tw-ring-inset: ; --tw-ring-offset-width: 0px; --tw-ring-offset-color: #fff; --tw-ring-color: rgba(69,89,164,.5); --tw-ring-offset-shadow: 0 0 transparent; --tw-ring-shadow: 0 0 transparent; --tw-shadow: 0 0 transparent; --tw-shadow-colored: 0 0 transparent; --tw-blur: ; --tw-brightness: ; --tw-contrast: ; --tw-grayscale: ; --tw-hue-rotate: ; --tw-invert: ; --tw-saturate: ; --tw-sepia: ; --tw-drop-shadow: ; --tw-backdrop-blur: ; --tw-backdrop-brightness: ; --tw-backdrop-contrast: ; --tw-backdrop-grayscale: ; --tw-backdrop-hue-rotate: ; --tw-backdrop-invert: ; --tw-backdrop-opacity: ; --tw-backdrop-saturate: ; --tw-backdrop-sepia: ; margin-right: 0px; margin-bottom: 1.25em; margin-left: 0px;\">Aglaonema \'Butterfly\' adalah varietas tanaman hias Aglaonema yang dikenal karena daun-daunnya yang indah dengan pola variegata yang menyerupai kupu-kupu. Aglaonema adalah tanaman hias yang populer dan tahan teduh yang sering ditanam di dalam ruangan karena keindahan daunnya dan kemampuannya untuk bertahan dalam kondisi cahaya rendah.&nbsp;<span style=\"font-size: var(--bs-body-font-size); font-weight: var(--bs-body-font-weight); text-align: var(--bs-body-text-align);\">Ciri khas dari Aglaonema \'Butterfly\' adalah daun-daunnya yang lebar, berbentuk oval atau lancip, dan memiliki pola variegata yang mencakup warna putih atau krem dengan tepi hijau atau warna-warni lainnya. Pola ini menciptakan tampilan yang menarik dan kontras.</span></p>', '2023-08-27 18:46:42', '2023-08-27 18:46:42'),
('fbb0b803-8f03-41d8-97e3-81e3b2cc2b1e', 'b44904d8-37c3-471f-97b0-b54f7edbd049', 'Ptenia cordifolia', 'ptenia-cordifolia', '45000', 'publish', '5', '1693114336.jpg', NULL, '<p>Ptenia cordifolia, juga dikenal dengan nama \"Rangoon Creeper\" atau \"Quisqualis indica,\" adalah tanaman merambat atau menjalar yang berasal dari wilayah tropis Asia. Tanaman ini terkenal karena bunga-bunganya yang indah dan harum, serta kemampuannya untuk melilit dan merambat pada berbagai struktur seperti pagar, pagar kayu, atau pergola.<br></p>', '2023-08-27 05:32:16', '2023-08-27 05:32:16'),
('fc9289ff-98b9-4775-82c8-44d6f93ff980', 'a85590c7-1b09-486b-8ca7-fd67f9988578', 'Bonsai anting putri', 'bonsai-anting-putri', '125000', 'publish', '4', '1693123574.jpg', NULL, '<p style=\"border: 0px solid rgb(217, 217, 227); --tw-border-spacing-x: 0; --tw-border-spacing-y: 0; --tw-translate-x: 0; --tw-translate-y: 0; --tw-rotate: 0; --tw-skew-x: 0; --tw-skew-y: 0; --tw-scale-x: 1; --tw-scale-y: 1; --tw-pan-x: ; --tw-pan-y: ; --tw-pinch-zoom: ; --tw-scroll-snap-strictness: proximity; --tw-gradient-from-position: ; --tw-gradient-via-position: ; --tw-gradient-to-position: ; --tw-ordinal: ; --tw-slashed-zero: ; --tw-numeric-figure: ; --tw-numeric-spacing: ; --tw-numeric-fraction: ; --tw-ring-inset: ; --tw-ring-offset-width: 0px; --tw-ring-offset-color: #fff; --tw-ring-color: rgba(69,89,164,.5); --tw-ring-offset-shadow: 0 0 transparent; --tw-ring-shadow: 0 0 transparent; --tw-shadow: 0 0 transparent; --tw-shadow-colored: 0 0 transparent; --tw-blur: ; --tw-brightness: ; --tw-contrast: ; --tw-grayscale: ; --tw-hue-rotate: ; --tw-invert: ; --tw-saturate: ; --tw-sepia: ; --tw-drop-shadow: ; --tw-backdrop-blur: ; --tw-backdrop-brightness: ; --tw-backdrop-contrast: ; --tw-backdrop-grayscale: ; --tw-backdrop-hue-rotate: ; --tw-backdrop-invert: ; --tw-backdrop-opacity: ; --tw-backdrop-saturate: ; --tw-backdrop-sepia: ; margin-right: 0px; margin-bottom: 1.25em; margin-left: 0px;\">\"Bonsai Anting Putri\" merujuk pada tanaman Portulacaria afra, juga dikenal sebagai \"Elephant Bush\" atau \"Dwarf Jade.\" Ini bukan nama umum di seluruh dunia, tetapi lebih dikenal dengan nama-nama lain yang disebutkan di atas.</p><p style=\"border: 0px solid rgb(217, 217, 227); --tw-border-spacing-x: 0; --tw-border-spacing-y: 0; --tw-translate-x: 0; --tw-translate-y: 0; --tw-rotate: 0; --tw-skew-x: 0; --tw-skew-y: 0; --tw-scale-x: 1; --tw-scale-y: 1; --tw-pan-x: ; --tw-pan-y: ; --tw-pinch-zoom: ; --tw-scroll-snap-strictness: proximity; --tw-gradient-from-position: ; --tw-gradient-via-position: ; --tw-gradient-to-position: ; --tw-ordinal: ; --tw-slashed-zero: ; --tw-numeric-figure: ; --tw-numeric-spacing: ; --tw-numeric-fraction: ; --tw-ring-inset: ; --tw-ring-offset-width: 0px; --tw-ring-offset-color: #fff; --tw-ring-color: rgba(69,89,164,.5); --tw-ring-offset-shadow: 0 0 transparent; --tw-ring-shadow: 0 0 transparent; --tw-shadow: 0 0 transparent; --tw-shadow-colored: 0 0 transparent; --tw-blur: ; --tw-brightness: ; --tw-contrast: ; --tw-grayscale: ; --tw-hue-rotate: ; --tw-invert: ; --tw-saturate: ; --tw-sepia: ; --tw-drop-shadow: ; --tw-backdrop-blur: ; --tw-backdrop-brightness: ; --tw-backdrop-contrast: ; --tw-backdrop-grayscale: ; --tw-backdrop-hue-rotate: ; --tw-backdrop-invert: ; --tw-backdrop-opacity: ; --tw-backdrop-saturate: ; --tw-backdrop-sepia: ; margin: 1.25em 0px;\">Portulacaria afra adalah tanaman yang berasal dari Afrika Selatan dan sering ditanam sebagai tanaman hias dan bonsai. Meskipun nama umumnya mengandung istilah \"jade,\" ini bukan tanaman sukulen yang sama dengan Crassula ovata, yang lebih umum dikenal sebagai \"Money Tree\" atau \"Jade Plant.\"</p>', '2023-08-27 08:06:14', '2023-09-10 22:43:26');

-- --------------------------------------------------------

--
-- Struktur dari tabel `tanis`
--

CREATE TABLE `tanis` (
  `id` char(36) NOT NULL,
  `title` varchar(255) NOT NULL,
  `created_at` timestamp NULL DEFAULT NULL,
  `updated_at` timestamp NULL DEFAULT NULL
) ENGINE=InnoDB DEFAULT CHARSET=utf8mb4 COLLATE=utf8mb4_unicode_ci;

--
-- Dumping data untuk tabel `tanis`
--

INSERT INTO `tanis` (`id`, `title`, `created_at`, `updated_at`) VALUES
('a85590c7-1b09-486b-8ca7-fd67f9988578', 'magersari', '2023-08-22 03:29:32', '2023-08-22 03:29:32'),
('b44904d8-37c3-471f-97b0-b54f7edbd049', 'sekarsari', '2023-08-22 03:29:32', '2023-08-22 03:29:32');

-- --------------------------------------------------------

--
-- Struktur dari tabel `users`
--

CREATE TABLE `users` (
  `id` char(36) NOT NULL,
  `username` varchar(255) NOT NULL,
  `name` varchar(255) NOT NULL,
  `role` varchar(255) NOT NULL,
  `tani_id` varchar(255) DEFAULT NULL,
  `password` varchar(255) NOT NULL,
  `remember_token` varchar(100) DEFAULT NULL,
  `image` varchar(128) DEFAULT NULL,
  `created_at` timestamp NULL DEFAULT NULL,
  `updated_at` timestamp NULL DEFAULT NULL
) ENGINE=InnoDB DEFAULT CHARSET=utf8mb4 COLLATE=utf8mb4_unicode_ci;

--
-- Dumping data untuk tabel `users`
--

INSERT INTO `users` (`id`, `username`, `name`, `role`, `tani_id`, `password`, `remember_token`, `image`, `created_at`, `updated_at`) VALUES
('5cad085a-b2ae-4deb-8442-e79675f2bb28', 'murjani', 'Murjani', 'tani', 'b44904d8-37c3-471f-97b0-b54f7edbd049', '$2y$10$5dmOM.xmr1ATuK.pVOB73e5rK6AyHqSU9VHebQdcEWeMYS.j93/Ba', NULL, NULL, '2023-12-01 05:14:49', '2023-12-01 05:14:49'),
('ddf6ba92-7cca-4097-98b8-05713f02fe86', 'Pandji12', 'Bapak Pandji', 'tani', 'a85590c7-1b09-486b-8ca7-fd67f9988578', '$2y$10$H0BHlgimnbD1yrHrFruWhu5nYPEilW.YjeXkft7DHDzOaICvol14u', NULL, NULL, '2023-09-22 10:22:36', '2023-09-22 10:22:36'),
('f881ee89-e9c1-4800-90ba-332c4181528d', 'admin', 'Admin', 'admin', NULL, '$2y$10$2y/Y5ZAvM9ggw1qxdAoLducJLwXbYUn5nwvNCr/UVa9dW.zE16pAG', NULL, '1694832493.png', '2023-08-22 03:29:32', '2023-09-16 02:48:13');

--
-- Indexes for dumped tables
--

--
-- Indeks untuk tabel `banners`
--
ALTER TABLE `banners`
  ADD PRIMARY KEY (`id`);

--
-- Indeks untuk tabel `ekspedisis`
--
ALTER TABLE `ekspedisis`
  ADD PRIMARY KEY (`id`);

--
-- Indeks untuk tabel `failed_jobs`
--
ALTER TABLE `failed_jobs`
  ADD PRIMARY KEY (`id`),
  ADD UNIQUE KEY `failed_jobs_uuid_unique` (`uuid`);

--
-- Indeks untuk tabel `galeries`
--
ALTER TABLE `galeries`
  ADD PRIMARY KEY (`id`);

--
-- Indeks untuk tabel `history_stocks`
--
ALTER TABLE `history_stocks`
  ADD PRIMARY KEY (`id`),
  ADD KEY `history_stocks_tani_id_foreign` (`tani_id`),
  ADD KEY `history_stocks_product_id_foreign` (`product_id`);

--
-- Indeks untuk tabel `konfirmasis`
--
ALTER TABLE `konfirmasis`
  ADD PRIMARY KEY (`id`),
  ADD KEY `konfirmasis_order_id_foreign` (`order_id`);

--
-- Indeks untuk tabel `migrations`
--
ALTER TABLE `migrations`
  ADD PRIMARY KEY (`id`);

--
-- Indeks untuk tabel `orders`
--
ALTER TABLE `orders`
  ADD PRIMARY KEY (`id`),
  ADD UNIQUE KEY `orders_inv_unique` (`inv`),
  ADD KEY `orders_product_id_foreign` (`product_id`);

--
-- Indeks untuk tabel `password_resets`
--
ALTER TABLE `password_resets`
  ADD KEY `password_resets_email_index` (`email`);

--
-- Indeks untuk tabel `personal_access_tokens`
--
ALTER TABLE `personal_access_tokens`
  ADD PRIMARY KEY (`id`),
  ADD UNIQUE KEY `personal_access_tokens_token_unique` (`token`),
  ADD KEY `personal_access_tokens_tokenable_type_tokenable_id_index` (`tokenable_type`,`tokenable_id`);

--
-- Indeks untuk tabel `products`
--
ALTER TABLE `products`
  ADD PRIMARY KEY (`id`),
  ADD UNIQUE KEY `products_slug_unique` (`slug`),
  ADD KEY `products_tani_id_foreign` (`tani_id`);

--
-- Indeks untuk tabel `tanis`
--
ALTER TABLE `tanis`
  ADD PRIMARY KEY (`id`);

--
-- Indeks untuk tabel `users`
--
ALTER TABLE `users`
  ADD PRIMARY KEY (`id`);

--
-- AUTO_INCREMENT untuk tabel yang dibuang
--

--
-- AUTO_INCREMENT untuk tabel `banners`
--
ALTER TABLE `banners`
  MODIFY `id` bigint(20) UNSIGNED NOT NULL AUTO_INCREMENT, AUTO_INCREMENT=8;

--
-- AUTO_INCREMENT untuk tabel `failed_jobs`
--
ALTER TABLE `failed_jobs`
  MODIFY `id` bigint(20) UNSIGNED NOT NULL AUTO_INCREMENT;

--
-- AUTO_INCREMENT untuk tabel `galeries`
--
ALTER TABLE `galeries`
  MODIFY `id` bigint(20) UNSIGNED NOT NULL AUTO_INCREMENT, AUTO_INCREMENT=10;

--
-- AUTO_INCREMENT untuk tabel `migrations`
--
ALTER TABLE `migrations`
  MODIFY `id` int(10) UNSIGNED NOT NULL AUTO_INCREMENT, AUTO_INCREMENT=13;

--
-- AUTO_INCREMENT untuk tabel `personal_access_tokens`
--
ALTER TABLE `personal_access_tokens`
  MODIFY `id` bigint(20) UNSIGNED NOT NULL AUTO_INCREMENT;

--
-- Ketidakleluasaan untuk tabel pelimpahan (Dumped Tables)
--

--
-- Ketidakleluasaan untuk tabel `history_stocks`
--
ALTER TABLE `history_stocks`
  ADD CONSTRAINT `history_stocks_product_id_foreign` FOREIGN KEY (`product_id`) REFERENCES `products` (`id`) ON DELETE CASCADE,
  ADD CONSTRAINT `history_stocks_tani_id_foreign` FOREIGN KEY (`tani_id`) REFERENCES `tanis` (`id`) ON DELETE CASCADE;

--
-- Ketidakleluasaan untuk tabel `konfirmasis`
--
ALTER TABLE `konfirmasis`
  ADD CONSTRAINT `konfirmasis_order_id_foreign` FOREIGN KEY (`order_id`) REFERENCES `orders` (`id`) ON DELETE CASCADE;

--
-- Ketidakleluasaan untuk tabel `orders`
--
ALTER TABLE `orders`
  ADD CONSTRAINT `orders_product_id_foreign` FOREIGN KEY (`product_id`) REFERENCES `products` (`id`) ON DELETE CASCADE;

--
-- Ketidakleluasaan untuk tabel `products`
--
ALTER TABLE `products`
  ADD CONSTRAINT `products_tani_id_foreign` FOREIGN KEY (`tani_id`) REFERENCES `tanis` (`id`) ON DELETE CASCADE;
COMMIT;

/*!40101 SET CHARACTER_SET_CLIENT=@OLD_CHARACTER_SET_CLIENT */;
/*!40101 SET CHARACTER_SET_RESULTS=@OLD_CHARACTER_SET_RESULTS */;
/*!40101 SET COLLATION_CONNECTION=@OLD_COLLATION_CONNECTION */;
